0.0,-0.11929332,0.082857,-0.0684196
0.018,0.023416687,-0.199368,-0.1206046
0.038,-0.1917133,-0.0023430001,-0.0950446
0.059,-0.1363333,-0.0034080006,-0.08865459
0.078,-0.10544831,0.029607,-0.050314594
0.097,-0.2460283,0.121197,-0.0673546
0.121,-0.2481583,0.103092,-0.107824594
0.137,0.14056669,0.082857,-0.056704596
0.157,0.4547417,0.033866998,-0.033274595
0.177,0.115006685,0.0125669995,-0.010909593
0.197,-0.27797833,0.006177,-0.0034545935
0.217,-0.06710831,-0.049203,-0.072679594
0.236,0.36954167,-0.088608004,-0.0769396
0.26,0.39723167,-0.113103,-0.051379595
0.279,-0.033028316,-0.079023,-0.059899595
0.3,-0.30779833,-0.0119280005,-0.057769597
0.316,-0.023443311,-0.008733,-0.0758746
0.336,0.2183117,-0.042813003,-0.053509597
0.357,0.018091688,-0.051333003,-0.014104594
0.377,-0.17999831,-0.020448,-0.023689592
0.396,-0.072433315,-0.020448,-0.031144593
0.416,0.09264169,-0.065178,-0.005584594
0.436,0.077731684,-0.075828,0.030625409
0.457,0.0010516874,-0.044943,0.058315404
0.477,-0.042613313,8.5199974E-4,0.07961541
0.498,0.034066685,0.005112,0.0923954
0.515,0.08625168,8.5199974E-4,0.086005405
0.535,0.017026687,0.028542,0.051925406
0.555,-0.019183312,0.037061997,0.026365407
0.575,0.006376688,0.038126998,0.009325406
0.595,-0.0074683125,0.015762,-0.023689592
0.615,-0.035158314,0.009372,-0.020494593
0.635,-0.042613313,0.004047,-0.0013245936
0.656,-0.073498316,-0.021513,8.054066E-4
0.675,-0.116098315,-0.059853002,-0.016234593
0.694,-0.09692831,-0.103518,-0.054574594
0.714,-0.030898312,-0.174873,-0.0950446
0.734,-0.020248313,-0.194043,-0.117409594
0.754,-0.15017831,-0.156768,-0.1024996
0.774,-0.2417683,-0.116298005,-0.090784594
0.794,-0.20342831,-0.155703,-0.101434596
0.814,-0.22153331,-0.20575799,-0.14190459
0.834,-0.25135332,-0.230253,-0.1781146
0.856,-0.32803333,-0.22066799,-0.1685296
0.877,-0.3610483,-0.20469299,-0.17278959
0.893,-0.32164332,-0.25900802,-0.1994146
0.912,-0.3046033,-0.296283,-0.22816959
0.933,-0.3290983,-0.30906302,-0.27183458
0.953,-0.3067333,-0.328233,-0.32721457
0.972,-0.2705233,-0.32503802,-0.34425458
0.992,-0.28969333,-0.292023,-0.3367996
1.012,-0.29182333,-0.212148,-0.4006996
1.033,-0.37595832,-0.018318,-0.5434096
1.056,-0.64114326,0.210657,-0.7127446
1.071,-0.9893983,0.362952,-0.8863396
1.092,-1.1299783,0.451347,-1.1057296
1.111,-1.0948334,0.483297,-1.2857145
1.131,-0.9744883,0.421527,-1.2889096
1.151,-0.81047827,0.15314701,-1.1089245
1.171,-0.5548783,-0.20469299,-0.8916646
1.191,-0.024508312,-0.454968,-0.6733396
1.211,0.6453767,-0.78298795,-0.36235958
1.233,1.0671166,-1.105683,-0.019429592
1.256,0.9606167,-1.116333,0.0828104
1.27,0.7028867,-0.990663,0.048730407
1.29,0.8285567,-0.93634796,0.09772041
1.31,0.94251174,-0.95658296,0.1680104
1.33,0.6826517,-0.903333,0.1712054
1.35,0.3162917,-0.781923,0.09985041
1.369,0.2193767,-0.702048,-0.0023895935
1.389,0.28327668,-0.59874296,-0.101434596
1.411,0.2491967,-0.508218,-0.1269946
1.43,-0.117163315,-0.536973,-0.0673546
1.453,-0.9851383,-0.57850796,-0.08971959
1.469,-2.4037182,-0.527388,-0.11527959
1.489,-3.6966283,-0.317583,-0.1663996
1.509,-4.410178,-0.302673,-0.3123046
1.529,-5.2121234,-0.410238,-0.2313646
1.549,-5.5081935,-0.328233,-0.023689592
1.569,-4.6711035,-0.625368,0.07322541
1.588,-3.9234734,-1.350633,0.59507537
1.611,-3.3941684,-1.544463,1.0700655
1.632,-2.7061784,-1.019418,0.6941204
1.654,-2.3387535,-0.886293,-0.11527959
1.668,-2.9702983,-0.974688,0.16588041
1.687,-2.8808384,-0.926763,0.30539542
1.708,-1.9361833,-0.913983,0.2287154
1.727,-0.9968533,-0.57105297,0.5290454
1.747,-0.48032832,1.272462,-0.005584594
1.767,0.1863617,2.454612,0.38420543
1.788,-0.8797033,1.7751421,0.80381536
1.811,-1.8605684,1.7506471,-0.1525546
1.826,-1.7380934,1.546167,0.0103904065
1.852,-1.2609733,1.242642,0.37142542
1.868,-0.67735326,1.3651171,0.7814504
1.887,0.68904173,1.398132,0.8027504
1.906,0.37912667,1.2362521,0.6898604
1.926,-0.8349733,0.895452,0.8187254
1.946,0.08305669,0.68351704,0.6760154
1.967,1.2087617,0.753807,0.5673854
1.989,1.0383617,0.76445705,0.5215904
2.011,-0.8520133,0.97639203,0.62702537
2.025,-2.9543233,0.72824705,0.7122254
2.048,-2.6231084,0.18722701,1.5983055
2.067,-0.11290331,0.021087,1.7974604
2.118,2.3131666,0.248997,1.6196054
2.175,2.6507716,0.504597,1.6377105
2.177,1.0159967,0.608967,1.7048055
2.232,-0.010663312,0.743157,1.5024555
2.234,-0.12887831,0.906102,1.4854155
2.235,-0.20129831,0.96893704,1.1701754
2.286,-0.1714783,1.046682,0.7952954
2.287,-0.47606832,0.979587,0.47792542
2.291,-1.0000484,0.697362,0.23617041
2.293,-1.4462833,0.423657,0.043405406
2.303,-1.1278484,0.100962,-0.3048496
2.308,0.087316684,0.125457,-0.90870464
2.324,0.088381685,0.254322,-0.9012496
2.343,-0.3450733,0.113742,-0.8905996
2.366,0.5229017,-0.18445799,-0.8969896
2.388,0.38125667,-0.25474802,-0.7979446
2.403,-0.27584833,-0.114168,-0.7691896
2.423,-0.050068315,0.004047,-0.6094396
2.442,-0.013858313,0.299052,-0.39537457
2.463,-0.64114326,0.610032,-0.2803546
2.485,-0.7987633,0.525897,-0.1493596
2.509,-0.4494433,0.700557,-0.101434596
2.522,-0.39086834,0.69949204,-0.027949594
2.544,-0.23963831,0.589797,0.057250407
2.562,0.7241867,0.678192,0.18398541
2.583,1.9223117,0.846462,0.1775954
2.601,1.7753416,1.170222,0.21913041
2.622,1.1810716,1.4620321,0.031690404
2.642,1.6880116,1.183002,-0.005584594
2.662,0.9158867,0.618552,-0.016234593
2.681,-2.0213833,0.61109704,-0.4230646
2.705,-3.8904583,0.439632,-0.6807946
2.721,-3.3238783,0.285207,-0.4997446
2.741,-1.0905733,0.024282,-0.37194458
2.766,-0.021313312,0.075402,-0.1046296
2.78,-0.43985832,0.229827,-0.037534595
2.801,-0.9723583,0.35230199,0.087070405
2.82,-0.6230383,0.428982,-0.022624593
2.84,-0.6933283,0.128652,-0.2941996
2.86,-1.6379833,0.18403201,-0.74788964
2.88,-2.1651583,0.096701995,-0.9236146
2.902,-1.8829334,0.138237,-0.8256346
2.954,-0.9659683,0.287337,-0.7372396
2.996,0.1629317,0.584472,-0.5774896
2.999,0.6879767,0.772977,-0.5114596
3.048,0.5314217,0.854982,-0.5998546
3.05,0.5037317,0.899712,-0.6019846
3.097,0.5772167,0.94550705,-0.6083746
3.101,0.46858668,0.983847,-0.5753596
3.102,0.36954167,0.98171705,-0.5636446
3.111,0.6379217,1.022187,-0.5476696
3.112,0.8615717,1.060527,-0.6094396
3.128,0.9073667,1.055202,-0.72339463
3.144,0.8796767,1.1553121,-0.8416096
3.158,0.5569817,1.2447721,-0.9076396
3.18,0.1480217,1.295892,-1.0684545
3.198,-0.11929332,1.267137,-1.1802795
3.218,0.07666668,1.142532,-1.2516346
3.238,0.3162917,1.1712871,-1.3347045
3.257,0.1256567,1.223472,-1.4518546
3.278,-0.106513314,1.175547,-1.1674995
3.298,-0.012793313,1.269267,-0.9140296
3.321,-0.2140783,1.191522,-0.6626896
3.344,-0.1959733,0.910362,-0.7627996
3.357,0.19168669,0.672867,-1.1291596
3.376,0.039391685,0.455607,-1.4454645
3.396,-0.7263433,0.376797,-1.5594195
3.416,-0.8339083,0.471582,-1.7095846
3.437,-0.67735326,0.66008705,-1.7649646
3.456,-0.7124983,0.907167,-1.6680496
3.476,-0.89035326,1.105257,-1.4933896
3.497,-0.9137833,1.1883271,-1.3581345
3.519,-0.5804383,1.1798071,-1.2324646
3.542,-0.48032832,1.256487,-1.0759095
3.556,-0.74977326,1.382157,-0.9513046
3.576,-0.80195826,1.456707,-0.88420963
3.595,-0.5218633,1.4769421,-0.9395896
3.615,-0.17999831,1.451382,-1.0631295
3.636,-0.0032083127,1.424757,-1.1461996
3.655,0.071341686,1.3321021,-1.2122296
3.677,0.25878167,1.289502,-1.2782595
3.698,0.28753668,1.3331671,-1.3080796
3.716,-0.035158314,1.3246471,-1.2303345
3.739,-0.29714832,1.274592,-1.1398096
3.754,-0.32164332,1.289502,-1.0961446
3.774,-0.35146332,1.282047,-1.1004045
3.794,-0.5261233,1.1957821,-1.0365045
3.814,-0.5069533,1.074372,-0.97260463
3.834,-0.5176033,1.036032,-0.9268096
3.854,-0.5964133,1.029642,-0.9214846
3.874,-0.5197333,1.054137,-0.95236963
3.897,-0.47287333,1.102062,-0.94491464
3.913,-0.6049333,1.071177,-0.9076396
3.94,-0.5740483,1.022187,-0.8852746
3.953,-0.40045333,0.998757,-0.9385246
3.974,-0.45689833,1.041357,-0.9821896
3.993,-0.7423183,1.112712,-1.0066845
4.013,-0.87437826,1.022187,-0.9715396
4.032,-0.8594683,0.97319704,-0.9576946
4.053,-0.9957883,1.020057,-0.9481096
4.076,-1.1225233,1.056267,-0.9225496
4.097,-1.0607533,1.046682,-0.8703646
4.112,-0.9979183,1.039227,-0.8458696
4.139,-0.8722483,1.012602,-0.8426746
4.153,-0.7071733,1.0509421,-0.81178963
4.172,-0.5271883,1.113777,-0.7723846
4.192,-0.29608333,1.143597,-0.74788964
4.212,-0.16508831,1.196847,-0.7777096
4.234,-0.090538315,1.187262,-0.7830346
4.252,-0.028768312,1.158507,-0.7659946
4.272,-0.07456332,1.2277321,-0.7361746
4.292,-0.062848315,1.295892,-0.7191346
4.31,-0.0074683125,1.315062,-0.6903796
4.33,-0.035158314,1.3161271,-0.6477796
4.351,-0.024508312,1.312932,-0.6222196
4.37,0.030871687,1.339557,-0.6168946
4.39,0.047911685,1.380027,-0.5977246
4.419,-1.33124995E-5,1.433277,-0.5881396
4.43,0.015961688,1.409847,-0.5178496
4.451,0.051106688,1.360857,-0.42838958
4.47,-0.063913316,1.328907,-0.38152957
4.489,-0.116098315,1.154247,-0.2941996
4.51,0.015961688,0.878412,-0.21219459
4.529,0.022351688,0.67925704,-0.27715957
4.549,-0.1555033,0.51844203,-0.39750457
4.569,-0.16828331,0.315027,-0.46566457
4.589,0.13524169,0.175512,-0.5008096
4.615,0.15441169,0.14782201,-0.6019846
4.629,-0.1746733,0.026411999,-0.6435196
4.648,-0.1693483,-0.29095802,-0.56683964
4.67,-0.08840831,-0.414498,-0.5977246
4.688,-0.5058883,-0.57850796,-0.5742946
4.708,-0.7881133,-1.033263,-0.51039463
4.728,-0.5325133,-1.531683,-0.44862458
4.748,-0.43240333,-1.785153,-0.4997446
4.768,-0.6379483,-2.1749432,-0.38046458
4.788,-0.06710831,-2.676558,-0.2824846
4.812,0.6336617,-3.078063,-0.2026096
4.828,0.42172667,-3.4582682,0.048730407
4.849,0.7199267,-3.995028,0.31924042
4.867,1.6070716,-4.6031427,0.62702537
4.887,1.7061167,-5.211258,0.9262904
4.907,2.7530117,-6.134613,1.1531354
4.927,4.255727,-7.213458,1.7399504
4.947,4.1907616,-7.6671476,3.1287103
4.966,3.6241817,-8.046288,4.675091
4.986,3.2791216,-8.390283,5.7443504
5.009,3.2365217,-7.8950577,6.089411
5.034,-4.985278,-4.657458,4.3268356
5.081,-6.4901233,-7.359363,6.4664207
5.126,9.381572,-5.498808,-0.34531957
5.127,12.366767,-5.2080626,1.7048055
5.142,8.718077,-3.692568,4.2980804
5.144,7.3133416,-3.0556982,4.6665707
5.201,5.7403364,-2.660583,4.9956555
5.208,4.8606467,-2.262273,4.9136505
5.26,4.9437165,-1.853313,4.6101255
5.261,4.5539265,-1.250523,4.2001004
5.264,3.4644318,-0.78724796,3.7954004
5.271,2.4399016,-0.480528,3.3736603
5.273,1.6028117,-0.273918,3.0530953
5.286,1.1256917,-0.165288,2.8017554
5.305,0.6943667,-0.061983004,2.5844953
5.324,0.079861686,0.0072419997,2.2905552
5.345,-0.4334683,-0.112038,2.1031153
5.364,-0.52505827,-0.230253,1.9657304
5.386,-0.4111033,-0.232383,1.8006555
5.406,-0.4334683,-0.231318,1.5035205
5.426,-0.4515733,-0.300543,1.3086255
5.454,-0.29821333,-0.350598,1.1893455
5.463,-0.057523314,-0.338883,1.0423754
5.483,0.014896688,-0.350598,0.9209654
5.503,-0.071368314,-0.338883,0.7026404
5.523,-0.14591831,-0.335688,0.5258504
5.543,-0.20236331,-0.34740302,0.3991154
5.563,-0.1533733,-0.388938,0.2233904
5.585,0.054301687,-0.44964302,0.08174541
5.64,0.21192169,-0.463488,-0.06309459
5.702,0.18849169,-0.43579802,-0.2846146
5.703,0.2183117,-0.442188,-0.37407458
5.707,0.28327668,-0.442188,-0.51039463
5.753,0.29286167,-0.475203,-0.65523463
5.755,0.27475667,-0.524193,-0.7457596
5.757,0.21192169,-0.544428,-0.8394796
5.762,0.1331117,-0.567858,-0.94491464
5.764,0.10329168,-0.665838,-1.0439595
5.799,0.15228169,-0.817068,-1.0993396
5.805,0.17677669,-0.986403,-1.1121196
5.83,-0.08840831,-1.137633,-1.0822996
5.841,-0.37169832,-1.329333,-1.0844295
5.862,-0.4899133,-1.478433,-1.1493945
5.881,-0.6326233,-1.574283,-1.2665446
5.905,-0.9808783,-1.679718,-1.3954096
5.922,-1.2950534,-1.791543,-1.4625045
5.941,-1.4122033,-1.876743,-1.4901946
5.971,-1.3632133,-2.000283,-1.7479246
5.984,-1.3025084,-2.2345831,-2.0844648
6.009,-1.2694933,-2.6211782,-2.2069397
6.019,-1.1459533,-3.0258782,-2.3283496
6.04,-1.3514984,-2.9790182,-2.7681947
6.06,-1.4963384,-2.787318,-3.1803496
6.08,-1.3152883,-2.8022282,-3.5222147
6.1,-1.3238083,-2.935353,-3.8363898
6.12,-1.4484134,-2.803293,-4.1569543
6.139,-1.3355234,-2.599878,-4.1782546
6.161,-1.3025084,-2.648868,-4.006789
6.183,-1.6049683,-2.481663,-3.6894197
6.199,-1.9979533,-2.0737681,-3.3464897
6.219,-2.4090433,-1.921473,-3.1196446
6.242,-2.6646433,-2.0737681,-3.1973896
6.265,-2.5794435,-1.8266879,-3.1760898
6.278,-2.4931784,-1.246263,-2.8778896
6.324,-2.5411034,-0.73186797,-2.4710596
6.387,-2.5283234,-0.45390302,-2.0897896
6.389,-2.6316283,-0.436863,-1.7191695
6.391,-2.6710334,-0.404913,-1.3368345
6.447,-2.7242835,-0.053463,-1.0567396
6.45,-2.7572985,0.375732,-0.8171146
6.5,-2.5581434,0.528027,-0.7297846
6.501,-2.4026535,0.626007,-0.7148746
6.504,-2.1768734,0.786822,-0.6222196
6.507,-1.8882583,0.76445705,-0.44436458
6.521,-1.8509834,0.65902203,-0.24733959
6.522,-1.9436383,0.63133204,-0.07906959
6.541,-1.9447033,0.52270204,0.055120405
6.561,-1.8200984,0.32354698,0.1105004
6.576,-1.7231834,0.256452,0.1520354
6.596,-1.6252034,0.254322,0.2223254
6.616,-1.5698234,0.301182,0.26918542
6.636,-1.6028384,0.32780698,0.3543854
6.656,-1.4952734,0.270297,0.38633543
6.687,-1.4047483,0.160602,0.44597542
6.695,-1.2343483,0.078597,0.48644543
6.716,-1.1044184,0.091377,0.47047043
6.736,-1.1470183,0.164862,0.4970954
6.756,-1.1480833,0.164862,0.4896404
6.774,-1.0671433,0.145692,0.4513004
6.795,-0.9329533,0.143562,0.3969854
6.815,-0.7508383,0.172317,0.27770543
6.835,-0.5825683,0.27775198,0.1328654
6.854,-0.4334683,0.34378198,0.018910406
6.887,-0.27797833,0.33419698,-0.072679594
6.894,-0.2098183,0.303312,-0.1685296
6.914,-0.25987333,0.331002,-0.29100457
6.937,-0.35252833,0.358692,-0.37726957
6.954,-0.35998333,0.40022698,-0.35383958
6.974,-0.37276334,0.459867,-0.2622496
6.994,-0.33761832,0.435372,-0.055639595
7.014,-0.31951332,0.385317,0.1200854
7.033,-0.38660833,0.299052,0.1573604
7.053,-0.5176033,0.264972,0.1019804
7.075,-0.5655283,0.301182,0.076420404
7.095,-0.5751133,0.303312,0.2542754
7.113,-0.6560533,0.032802,0.4608854
7.134,-0.6730933,-0.287763,0.48431543
7.152,-0.5697883,-0.425148,0.45662543
7.172,-0.5239933,-0.335688,0.4172204
7.192,-0.5389033,-0.26113802,0.42041543
7.212,-0.4632883,-0.36763802,0.49603042
7.232,-0.33548832,-0.545493,0.52265537
7.252,-0.22153331,-0.654123,0.5237204
7.275,-0.082018316,-0.669033,0.5120054
7.294,0.116071686,-0.605133,0.4694054
7.312,0.3823217,-0.551883,0.38846543
7.331,0.6624167,-0.597678,0.32776043
7.351,0.8519867,-0.67435795,0.2404304
7.371,0.9233417,-0.709503,0.1669454
7.391,0.9616817,-0.70737296,0.1094354
7.411,1.0713767,-0.681813,0.032755405
7.43,1.1533817,-0.692463,0.013585407
7.45,1.0351666,-0.769143,0.025300408
7.474,0.8392067,-0.893748,0.058315404
7.496,0.7369667,-0.95232296,0.1403204
7.51,0.6538967,-1.0311329,0.2457554
7.53,0.5825417,-1.093968,0.1424504
7.55,0.7390967,-0.75955796,-0.17172459
7.57,1.0458167,-0.420888,-0.22603959
7.59,1.2705317,-0.43366802,-0.1802446
7.61,1.2897017,-0.416628,-0.27183458
7.629,1.1682917,-0.18765299,-0.29100457
7.65,0.9158867,-0.040683,-0.15574959
7.672,0.58467174,-0.054528,-0.0023895935
7.694,0.2034017,0.018957,0.1541654
7.709,-0.16615331,0.160602,0.2745104
7.729,-0.42388332,0.23834701,0.33095542
7.749,-0.5580733,0.290532,0.33947542
7.769,-0.7412533,0.367212,0.2723804
7.788,-0.8807683,0.541872,0.12541041
7.808,-0.7487083,0.657957,0.1893104
7.828,-0.5484883,0.500337,0.36397043
7.85,-0.31418833,0.65582705,0.1019804
7.872,-0.018118313,0.897582,-0.2388196
7.889,-0.1555033,0.861372,-0.34957957
7.908,-0.4451833,0.81983703,-0.41773957
7.927,-0.30247334,0.934857,-0.5071996
7.948,-0.5474233,1.193652,-0.42412958
7.967,-0.7508383,1.450317,-0.46885958
7.987,-0.5687233,1.540842,-0.5657746
8.007,-1.0394534,1.302282,-0.1291246
8.027,-1.5208334,1.053072,0.44065043
8.05,-1.4281783,0.86882704,0.7282004
8.071,-1.5996433,0.935922,-0.1312546
8.092,-1.7370284,0.843267,-0.53062963
8.106,-1.9159484,0.634527,-0.26970458
8.126,-1.8083833,1.095672,-0.29739457
8.146,-1.3845134,1.4375371,-0.13870959
8.166,-0.9883333,1.197912,-0.119539596
8.186,-0.8605333,1.026447,-0.17704959
8.206,-0.7721383,0.947637,-0.29526457
8.227,-0.6368833,0.87628204,-0.4230646
8.25,-0.4877833,0.813447,-0.5327596
8.265,0.0010516874,0.737832,-0.50187457
8.286,0.10755169,0.61535704,-0.4070896
8.305,-0.22153331,0.537612,-0.2196496
8.325,-0.2588083,0.496077,-0.035404596
8.345,-0.16295831,0.453477,0.044470403
8.366,-0.044743314,0.310767,0.035950404
8.385,0.19062169,-0.077958,0.008260407
8.405,0.4952117,-0.320778,-0.22923459
8.427,0.30777168,-0.13227299,-0.42838958
8.449,-0.32164332,-0.027903,-0.2665096
8.464,-0.8818333,-0.028968,-0.029014593
8.486,-1.2844033,-0.047073003,0.37355542
8.504,-1.5549134,-0.123753004,0.68347037
8.524,-1.4697133,0.023217,0.7079654
8.544,-1.0192183,0.192552,0.5993354
8.563,-0.3993883,0.041321997,0.4672754
8.583,0.106486686,-0.037488002,0.37781543
8.604,0.4590017,0.129717,0.2233904
8.627,0.6081017,0.326742,0.041275404
8.642,0.6155567,0.529092,-0.10569459
8.663,0.5143817,0.757002,-0.36768457
8.69,0.5346167,0.990237,-0.6562996
8.703,0.6453767,1.2362521,-0.7138096
8.747,0.44515666,1.5259321,-0.5519296
8.794,-0.0032083127,1.7751421,-0.37833458
8.795,-0.40045333,1.813482,-0.30697957
8.842,-0.7945033,1.739997,-0.08865459
8.844,-1.2354133,1.717632,0.31924042
8.899,-1.4942083,1.524867,0.7058354
8.902,-1.6763233,1.313997,0.63128537
8.904,-1.7359633,1.736802,0.42148042
8.915,-1.2961184,2.289537,0.6717554
8.919,-0.6741583,2.353437,0.6461954
8.925,-0.3067333,2.092512,0.42148042
8.941,-0.26200333,2.108487,0.14458041
8.961,-0.2705233,2.373672,-0.1685296
8.984,-0.21940331,2.4439619,-0.37726957
9.001,-0.37063333,2.287407,-0.45075458
9.02,-0.7646833,2.2831469,-0.43264958
9.041,-1.1906834,2.388582,-0.3932446
9.06,-1.5676934,2.401362,-0.48802957
9.08,-1.6976234,2.2629118,-0.6733396
9.1,-1.5921884,2.110617,-0.7159396
9.127,-1.3344584,2.094642,-0.62328464
9.139,-1.0969634,2.196882,-0.6893146
9.16,-1.1534084,2.226702,-0.7510846
9.181,-1.4462833,1.966842,-0.65949464
9.2,-1.7817583,1.764492,-0.7244596
9.226,-1.9723934,1.797507,-1.0631295
9.239,-2.1012583,2.0222218,-1.3251195
9.259,-2.3163884,1.913592,-1.3528095
9.279,-2.2812433,1.6388221,-1.4625045
9.299,-1.3440434,1.483332,-1.3986045
9.321,-0.40471333,1.419432,-1.5391846
9.339,-0.8871583,1.1563771,-1.7212995
9.391,-1.6518284,0.858177,-1.6329045
9.44,-1.1342384,0.854982,-1.8970245
9.442,-0.7604233,0.902907,-1.8746595
9.454,-1.5666283,0.761262,-1.4177746
9.456,-2.1364033,0.759132,-1.1717596
9.526,-1.7796284,0.564237,-1.1781496
9.533,-1.7338333,0.230892,-0.9949696
9.568,-1.9415083,0.031737,-0.70315963
9.57,-1.5197684,-0.372963,-0.2185846
9.571,-1.2183733,-0.793638,0.0668354
9.583,-1.2961184,-0.934218,-0.074809596
9.585,-1.3216784,-1.294188,-0.051379595
9.599,-1.2236984,-1.868223,0.1680104
9.616,-1.2481934,-2.417763,0.4331954
9.636,-1.1534084,-2.901273,0.6206354
9.656,-0.44837832,-3.448683,0.6802754
9.676,0.077731684,-3.963078,0.6738854
9.696,0.22576669,-4.412508,0.8773004
9.716,0.9563567,-5.024883,1.0540905
9.746,2.0064466,-5.7874227,1.2660254
9.758,2.3941066,-6.673503,1.6270604
9.777,1.8946216,-7.4136777,2.1734054
9.795,2.9031765,-7.950438,2.6143153
9.815,3.6582615,-8.153852,2.9103854
9.835,3.3398266,-8.248638,3.6058304
9.856,1.9148567,-6.9482727,3.1926103
9.875,-6.2547584,-3.868293,3.3012404
9.895,-3.9852433,-4.679823,2.4588253
9.915,1.6486067,-4.734138,1.1510055
9.942,2.6465116,-4.446588,2.0477352
9.955,1.8200717,-3.722388,2.2681904
9.974,1.5857717,-3.116403,2.1095054
9.995,2.5698316,-2.7202232,1.8688154
10.014,3.3515418,-2.436933,1.9912905
10.034,3.5762568,-2.119563,2.2192004
10.054,2.7018917,-1.675458,2.4109004
10.074,1.4121766,-1.173843,2.3416753
10.094,0.43131167,-0.88735795,2.3587153
10.116,0.22896169,-0.67542297,2.2713854
10.142,0.4611317,-0.438993,1.9454955
10.155,0.5537867,-0.318648,1.7399504
10.173,0.6070367,-0.217473,1.6611404
10.193,0.4611317,-0.081153005,1.4470755
10.213,0.32587668,0.025347,1.2969104
10.233,0.1320467,0.089246996,1.2394005
10.253,0.042586684,0.118002,1.0966904
10.272,0.1416317,0.075402,0.9230954
10.292,0.2779517,0.038126998,0.7399154
10.314,0.28860167,8.5199974E-4,0.5791004
10.336,0.26836666,-0.066243,0.38527042
10.354,0.3663467,-0.065178,0.16162041
10.372,0.43131167,-0.044943,0.1179554
10.391,0.34398168,0.011502,0.16162041
10.412,0.17251669,0.026411999,0.28516042
10.432,-0.40577832,-0.023643,0.6547154
10.451,-1.1406283,-0.0066029998,0.9784754
10.471,-1.3536284,0.035997,1.1360954
10.492,-1.3770584,0.074337,1.2734804
10.514,-1.7306384,0.14888701,1.4662454
10.536,-2.0394883,-0.054528,1.8656205
10.556,-1.8179684,-0.359118,1.9699905
10.571,-1.5123134,-0.446448,1.4534655
10.59,-1.0170883,-0.479463,0.6408704
10.611,-0.029833313,-1.0875779,0.061510406
10.63,0.6560267,-1.679718,-0.68718463
10.65,0.8903267,-1.429443,-2.0248246
10.67,1.2407117,-0.624303,-3.3869596
10.69,1.4196316,0.118002,-4.8236446
10.712,2.1225317,-0.117363,-5.7704296
10.737,2.6305366,-1.442223,-5.5872493
10.756,2.5336215,-2.2878332,-5.1463394
10.769,1.2183466,-1.8426629,-5.0132146
10.789,-0.34187832,-0.697788,-5.1324944
10.809,-0.7188883,-0.70311296,-5.0334496
10.829,-0.8711833,-1.986438,-4.2634544
10.849,-0.08521331,-2.615853,-3.9120047
10.868,0.1959467,-2.8299181,-3.8427796
10.891,-0.6890683,-2.006673,-4.0153093
10.913,-0.61345327,-1.380453,-3.7831397
10.928,-0.29501832,-1.639248,-3.2900448
10.959,-0.7625533,-1.793673,-2.8565896
10.968,-0.5442283,-1.556178,-2.5360246
11.011,-0.100123316,-1.144023,-2.5647798
11.057,-0.3046033,-0.737193,-2.4934247
11.058,-0.44624832,-0.556143,-2.3304796
11.072,-0.10438331,-0.516738,-1.9790295
11.129,-0.090538315,-0.567858,-1.5594195
11.133,-0.70184827,-0.321843,-1.2931695
11.18,-1.1246533,0.021087,-0.9757996
11.181,-1.1587334,-0.0012780002,-0.49867958
11.184,-1.0522333,-0.194043,-0.29206958
11.192,-0.8924833,-0.284568,-0.27502957
11.194,-0.43240333,-0.604068,-0.39004958
11.208,-0.044743314,-0.64347297,-0.49654958
11.227,-0.28010833,-0.317583,-0.6179596
11.246,-0.40364832,-0.110973,-0.4976146
11.267,0.023416687,-0.148248,-0.27396458
11.288,0.009571687,-0.18658799,-0.091849595
11.306,-0.35146332,-0.273918,-0.1653346
11.326,-0.44837832,-0.213213,-0.47205457
11.345,-0.40471333,-0.061983004,-0.6658846
11.366,-0.42601332,-0.021513,-0.5476696
11.394,-0.2492233,-0.060918003,-0.2867446
11.405,-0.2481583,-0.13227299,-0.10569459
11.425,-0.44198832,-0.092868,0.024235407
11.445,-0.48458833,0.073272,0.07216041
11.467,-0.35252833,0.17125201,0.10624041
11.487,-0.1693483,0.15208201,0.13073541
11.504,-0.020248313,0.163797,0.1882454
11.526,0.12033168,0.190422,0.2425604
11.544,0.1970117,0.272427,0.3022004
11.564,0.25345668,0.262842,0.40231043
11.585,0.2332217,0.229827,0.5162654
11.604,0.06495169,0.322482,0.5844254
11.624,-0.026638312,0.387447,0.6291554
11.646,-0.036223315,0.356562,0.61105037
11.668,0.018091688,0.354432,0.4981604
11.683,0.13417669,0.24047701,0.3426704
11.703,0.3365267,0.158472,0.10624041
11.723,0.48988667,0.25751698,0.043405406
11.743,0.4387667,0.315027,0.1712054
11.763,0.26517168,0.23941201,0.31498042
11.786,0.010636687,-0.028968,0.40550542
11.803,-0.19916831,-0.29947802,0.26173043
11.822,-0.20236331,-0.175938,-0.026884593
11.844,-0.14698331,-0.024708001,-0.051379595
11.863,-0.21940331,-0.15037799,0.1541654
11.882,-0.2524183,-0.213213,0.19676541
11.902,-0.21833831,-0.159963,0.1105004
11.922,-0.08521331,-0.18552299,-0.0013245936
11.942,0.045781687,-0.191913,-0.108889595
11.962,0.13843669,-0.16635299,-0.22497459
11.988,0.2800817,-0.14931299,-0.3208246
12.001,0.47071669,-0.175938,-0.39643958
12.022,0.46965167,-0.246228,-0.40602458
12.041,0.2981867,-0.322908,-0.32188958
12.061,0.10861669,-0.332493,-0.1450996
12.081,-0.106513314,-0.354858,0.029560408
12.101,-0.33548832,-0.45390302,0.1531004
12.121,-0.4835233,-0.551883,0.14884041
12.14,-0.64540327,-0.49011302,0.077485405
12.16,-0.7316683,-0.339948,0.1328654
12.185,-0.81047827,-0.32503802,0.2074154
12.2,-0.7795933,-0.44964302,0.076420404
12.22,-0.6017383,-0.53803796,-0.1866346
12.245,-0.3951283,-0.45603302,-0.5178496
12.259,-0.18425831,-0.524193,-0.7872946
12.28,-0.023443311,-0.599808,-1.1611096
12.299,-0.09160332,-0.407043,-1.5051045
12.32,-0.0021433125,-0.29521802,-1.6904145
12.339,0.35676166,-0.436863,-1.7915895
12.359,0.9233417,-0.60726297,-1.8395145
12.384,1.1086516,-0.575313,-1.6872195
12.399,0.81790674,-0.423018,-1.5445095
12.418,0.5708267,-0.334623,-1.4806095
12.438,0.5260967,-0.300543,-1.4955195
12.458,0.5058617,-0.24303299,-1.3879546
12.478,0.48456168,-0.13653299,-1.1696296
12.498,0.2183117,-0.063048005,-0.94491464
12.518,-0.18532331,-0.061983004,-0.7010296
12.538,-0.31844833,0.062622,-0.53062963
12.557,-0.43772832,0.200007,-0.3932446
12.585,-0.6081283,0.218112,-0.2665096
12.598,-0.4835233,0.27136198,-0.1962196
12.618,-0.33655334,0.421527,-0.15681459
12.638,-0.3227083,0.435372,-0.1046296
12.657,-0.2417683,0.393837,-0.099304594
12.677,-0.09586331,0.428982,-0.11421459
12.698,-0.009598312,0.425787,-0.118474595
12.717,-0.027703313,0.399162,-0.073744595
12.736,-0.09266832,0.42259198,0.019975407
12.757,-0.1927783,0.497142,0.1733354
12.785,-0.35572332,0.509922,0.41402543
12.797,-0.45902833,0.449217,0.6568454
12.816,-0.6081283,0.40022698,0.80807537
12.836,-0.8253883,0.410877,0.9103154
12.856,-0.9489283,0.437502,1.0136205
12.876,-1.0032433,0.43643698,1.1211854
12.895,-1.1757734,0.394902,1.0817804
12.916,-1.1853584,0.086052,0.7952954
12.936,-0.7636183,-0.20362799,0.34373543
12.955,0.0021166874,-0.049203,0.25960043
12.98,0.32055166,-0.344208,0.5972054
12.997,-0.1405933,-0.806418,0.8134004
13.014,-0.33974832,-0.66690296,0.6217004
13.035,-0.039418314,-0.157833,0.2446904
13.054,0.15867169,-0.034293003,-0.07906959
13.075,0.31096667,-0.181263,-0.24733959
13.094,0.6464417,-0.276048,-0.2941996
13.114,0.9552917,-0.282438,-0.25266457
13.134,1.1043917,-0.44005802,-0.0045195934
13.156,0.9052367,-0.56998795,0.2745104
13.178,0.6475067,-0.38574302,0.33095542
13.197,0.6922367,-0.130143,0.3266954
13.214,0.7785017,-0.035358,0.2063504
13.234,0.8051267,0.24047701,-0.0673546
13.254,0.80938673,0.43217698,-0.1876996
13.273,1.0277116,0.356562,-0.36555457
13.293,1.2151517,0.367212,-0.6424546
13.313,1.0426216,0.451347,-0.6211546
13.335,0.7018217,0.54719704,-0.4795096
13.356,0.2641067,0.56636703,-0.36235958
13.379,-0.07030331,0.57914704,-0.1791796
13.397,-0.36850333,0.612162,-0.1791796
13.412,-0.7593583,0.666477,-0.29206958
13.432,-1.0990933,0.58660203,-0.3186946
13.452,-1.0969634,0.401292,-0.98857963
13.472,-0.61345327,0.247932,-1.2771945
13.491,-0.56126827,-0.081153005,-0.6903796
13.512,-0.9798133,-0.030033002,-0.6967696
13.533,-1.7455484,0.353367,-0.5093296
13.552,-1.9297934,0.489687,-0.13870959
13.575,-2.0448134,0.351237,-0.108889595
13.598,-2.6965933,0.106286995,-0.1450996
13.646,-2.5837033,-0.054528,-0.28354958
13.692,-2.1374683,0.077532,-0.4773796
13.694,-1.6912334,0.272427,-0.45288458
13.74,-0.9499933,0.427917,-0.5327596
13.742,-0.4313383,0.598317,-0.5913346
13.794,-0.27158833,0.648372,-0.51039463
13.797,-0.27158833,0.64304703,-0.35809958
13.798,-0.4313383,0.69097203,-0.17491959
13.801,-0.49630332,0.76445705,-0.036469594
13.812,-0.40790832,0.858177,0.0923954
13.818,-0.42068833,0.967872,0.23723541
13.83,-0.4654183,1.0275121,0.40550542
13.851,-0.3269683,1.0019519,0.47260043
13.869,-0.039418314,0.77617204,0.35119042
13.889,0.39510167,0.61535704,0.076420404
13.911,0.8157767,0.80386204,-0.101434596
13.929,0.83388174,1.017927,0.016780406
13.949,0.5655017,1.136142,0.1190204
13.969,0.34078667,1.191522,0.1190204
13.988,0.2151167,1.287372,0.14458041
14.011,0.2012717,1.3565971,0.12541041
14.028,0.13950169,1.4929171,-0.029014593
14.048,0.1448267,1.7101771,-0.15468459
14.068,0.27262667,2.0083768,-0.27183458
14.088,0.44196168,2.128722,-0.36129457
14.109,0.6432467,2.017962,-0.44862458
14.133,0.72525173,1.993467,-0.5583196
14.147,0.6826517,2.2639768,-0.6520396
14.167,0.5910617,2.574957,-0.6573646
14.187,0.5633717,2.7166018,-0.7095496
14.207,0.6922367,2.775177,-0.8235046
14.227,0.7518767,2.937057,-1.0322446
14.247,0.65709174,3.224607,-1.2686745
14.267,0.65283173,3.4535818,-1.3261845
14.287,0.7859567,3.539847,-1.3261845
14.307,0.7731767,3.506832,-1.4965845
14.326,0.6421817,3.4077868,-1.6669846
14.346,0.39297166,3.398202,-1.8192796
14.366,0.20766169,3.271467,-1.8373846
14.386,-0.009598312,2.937057,-1.8331245
14.411,-0.34613833,2.645247,-1.8373846
14.426,-0.7636183,2.1990118,-1.8586845
14.446,-1.1097434,1.602612,-2.0439947
14.466,-1.4303083,1.255422,-2.1494296
14.487,-1.6901684,1.062657,-2.2314346
14.507,-1.8296833,0.914622,-2.2985296
14.525,-1.9234034,0.746352,-2.2111998
14.545,-1.9063634,0.38425198,-2.0887246
14.565,-1.7498083,0.20213701,-2.0780747
14.584,-1.6486334,0.262842,-2.0003295
14.608,-2.3909383,0.338457,-1.7937195
14.624,-3.3068383,0.47264698,-1.4710245
14.644,-2.6774232,0.479037,-1.3432245
14.666,-1.6550233,0.35975698,-1.5530295
14.685,-1.9787834,0.381057,-2.0471897
14.704,-2.7296083,0.321417,-2.1941597
14.724,-2.5943534,0.124391995,-2.4604096
14.744,-1.5857984,-0.20575799,-2.9290097
14.764,-1.3706683,-0.394263,-2.9939747
14.784,-2.6018083,-0.181263,-2.8565896
14.811,-2.7679484,0.129717,-2.4891646
14.823,-2.9362183,0.076467,-2.0429296
14.845,-4.8212686,-0.110973,-1.7138445
14.866,-5.9576235,-0.573183,-1.1270295
14.885,-5.3782635,-1.042848,-0.5370196
14.902,-4.2717285,-1.503993,-0.2228446
14.923,-3.3749983,-2.200503,-0.12486459
14.942,-2.3355584,-3.030138,-0.016234593
14.963,-1.4217883,-3.8299532,0.08813541
14.982,-0.42707834,-5.037663,0.12967041
15.009,1.0351666,-6.4328127,0.6504554
15.022,1.6912067,-7.864173,1.6015004
15.042,1.7093116,-9.130458,3.2618353
15.082,1.0213217,-9.858918,4.5920205
15.124,0.63685673,-10.483007,4.7666807
15.134,1.7870567,-12.183813,3.8837953
15.139,4.162007,-12.780212,2.6728904
15.155,3.2045717,-9.972873,1.1073405
15.209,-1.7306384,-5.626608,1.9273905
15.26,1.3046117,-6.5584826,1.2894554
15.262,2.8030667,-6.529728,0.1009154
15.264,0.41001168,-5.173983,1.2457905
15.267,1.3536017,-4.8544827,1.4087354
15.27,3.4942517,-4.6446776,1.7633804
15.28,4.627412,-4.139868,1.9444305
15.3,6.027887,-3.469983,1.9188704
15.32,6.269642,-2.7851882,2.2799053
15.34,5.5071015,-2.182398,2.7005804
15.359,5.3239217,-1.9715279,3.0893054
15.379,4.7956815,-1.456068,3.3140204
15.399,4.9234815,-1.205793,3.3789854
15.421,5.0353065,-1.037523,3.2394702
15.445,4.4942865,-0.705243,2.9114504
15.465,4.223777,-0.47200802,2.6260304
15.479,3.6177917,-0.071568005,2.4918404
15.499,3.1023316,0.427917,2.3800154
15.519,3.3462167,0.58766705,2.4279404
15.538,3.5666716,0.69949204,2.3310254
15.558,3.1289566,1.097802,2.1286752
15.578,2.6465116,1.448187,2.0030053
15.598,2.7838967,1.506762,2.0711653
15.62,2.8627067,1.430082,2.1127002
15.644,2.6081717,1.5898321,2.0093954
15.66,1.9638467,1.8475621,1.8400605
15.678,1.4451916,1.835847,1.7857455
15.725,1.4057866,1.5014371,1.8560355
15.794,1.2545567,1.360857,1.8624254
15.8,0.78169674,1.447122,1.6856354
15.801,0.5197067,1.327842,1.5482504
15.85,0.29925168,1.047747,1.5833955
15.852,0.070276685,0.834747,1.6430354
15.854,-0.1384633,0.669672,1.5099105
15.856,-0.40577832,0.328872,1.3725255
15.858,-0.6986533,-0.100323,1.4034104
15.891,-1.0671433,-0.375093,1.4790255
15.897,-1.4782333,-0.459228,1.3927604
15.918,-1.5879283,-0.57424796,1.1520704
15.937,-1.9052984,-0.69139796,0.8506754
15.956,-2.1129735,-0.92782795,0.7282004
15.978,-2.1321433,-1.288863,0.7037054
16.011,-2.2365134,-1.539138,0.48005542
16.022,-2.3760283,-1.695693,0.09878541
16.035,-2.6273685,-1.944903,-0.108889595
16.056,-3.0320683,-2.180268,-0.1621396
16.096,-3.2312233,-2.473143,-0.26544458
16.1,-3.4229233,-2.724483,-0.46033958
16.12,-3.6465733,-2.8490882,-0.6403246
16.135,-3.6561584,-3.017358,-0.8714296
16.158,-3.4889534,-3.3006482,-1.2186196
16.177,-3.5187733,-3.414603,-1.4199046
16.198,-3.5027983,-3.220773,-1.4188396
16.219,-3.2141833,-2.8299181,-1.4518546
16.235,-2.8265233,-2.490183,-1.5839145
16.254,-2.7935083,-2.232453,-1.6424896
16.275,-2.8180034,-1.961943,-1.6147995
16.294,-2.6028733,-1.642443,-1.6744395
16.314,-2.3504684,-1.414533,-2.0035248
16.334,-2.2120183,-1.228158,-2.3784046
16.357,-1.9415083,-1.0385879,-2.5711696
16.375,-1.7285084,-0.850083,-2.5850146
16.398,-1.6784533,-0.769143,-2.5413496
16.413,-1.7306384,-0.728673,-2.4604096
16.433,-1.8169034,-0.772338,-2.2953346
16.459,-2.0245783,-0.785118,-2.1313248
16.474,-2.0213833,-0.78298795,-2.0205646
16.493,-2.0874133,-0.704178,-1.9406896
16.513,-2.2226684,-0.596613,-1.7308846
16.532,-2.2950883,-0.49756798,-1.6190596
16.554,-2.4388633,-0.44005802,-1.4603746
16.576,-2.5059583,-0.292023,-1.3027545
16.597,-2.6039383,-0.13440299,-1.1376796
16.612,-2.6422784,-0.15144299,-1.0812346
16.632,-2.7743382,-0.31332302,-1.0897546
16.656,-3.0842533,-0.460293,-1.0663246
16.672,-3.5049284,-0.460293,-0.8767546
16.691,-3.4900184,-0.493308,-0.6648196
16.711,-3.4783034,-0.32716802,-0.45181957
16.731,-3.8191032,-0.250488,-0.1323196
16.752,-4.1375384,-0.265398,0.09985041
16.772,-4.553953,-0.250488,0.1712054
16.791,-4.360123,-0.359118,0.2659904
16.811,-3.9479682,-0.148248,0.1520354
16.831,-3.1556084,-0.102453,0.0103904065
16.858,-2.4207582,-0.18552299,-0.099304594
16.87,-2.3547285,-0.163158,-0.2228446
16.89,-2.2524884,-0.128013,-0.1610746
16.91,-1.8318133,-0.053463,-0.1472296
16.931,-1.3163533,-0.0012780002,-0.19195959
16.952,-0.9446683,0.004047,-0.17598459
16.974,-0.7976983,0.064752,-0.1259296
16.99,-0.8147383,0.125457,-0.0066495934
17.01,-0.6475333,0.142497,0.1669454
17.03,-0.41003832,0.098832,0.2862254
17.051,-0.27371833,0.084987,0.32563043
17.069,-0.19810331,0.065817,0.36610043
17.089,-0.14485331,-0.024708001,0.39592043
17.109,-0.2130133,-0.081153005,0.3543854
17.13,-0.23750831,-0.088608004,0.25321043
17.15,-0.08521331,-0.163158,0.1531004
17.168,0.1448267,-0.255813,0.054055404
17.189,0.22257169,-0.392133,-2.595936E-4
17.208,0.123526685,-0.531648,0.014650406
17.229,0.1267217,-0.57424796,0.09985041
17.247,0.058561686,-0.61045796,0.33734542
17.268,-0.12887831,-0.686073,0.5269154
17.318,-0.33548832,-0.772338,0.6643004
17.36,-0.37063333,-0.71056795,0.6398054
17.362,-0.17999831,-0.556143,0.5993354
17.375,-0.015988313,-0.636018,0.6131804
17.377,-0.019183312,-0.689268,0.5098754
17.432,-0.023443311,-0.49224302,0.44065043
17.48,0.20659669,-0.266463,0.36184043
17.481,0.4973417,-0.13653299,0.26918542
17.484,0.6879767,-0.060918003,0.2425604
17.487,0.8562467,-0.023643,0.23297541
17.489,0.8850017,0.065817,0.2127404
17.507,0.7060817,0.20426701,0.2287154
17.527,0.39190668,0.302247,0.31285042
17.545,0.123526685,0.362952,0.3043304
17.565,0.027676689,0.53867704,0.1701404
17.585,0.077731684,0.709077,0.123280406
17.605,-0.09266832,0.681387,0.1925054
17.625,0.28327668,0.885867,0.32563043
17.645,0.9936317,0.540807,-0.1312546
17.665,1.4899217,0.20320201,-0.7287196
17.69,2.0809968,0.062622,-1.3506795
17.705,1.4824667,0.498207,-1.4731545
17.725,-0.26200333,0.35230199,-1.2058395
17.744,1.1011966,-0.301608,-0.9992296
17.764,1.3301717,-0.26326802,-0.8171146
17.784,0.6879767,0.070076995,-0.63499963
17.804,0.2193767,-0.246228,-0.0034545935
17.824,0.22896169,-0.49224302,-0.2409496
17.844,-0.09266832,-0.545493,-0.62328464
17.863,-0.1405933,-0.624303,-0.5849446
17.885,-0.28223833,-0.667968,-0.40389457
17.903,-0.9659683,-0.43792802,-0.051379595
17.922,-1.0319984,-0.116298005,0.123280406
17.943,-0.7774633,0.122262,-0.051379595
17.963,-0.8701183,0.280947,-0.0950446
17.983,-0.7774633,0.405552,-0.0865246
18.002,-0.82219326,0.56743205,-0.0939796
18.022,-0.9020683,0.53441703,0.076420404
18.042,-0.8765083,0.459867,0.1520354
18.063,-0.6070633,0.41833198,0.1893104
18.089,-0.33655334,0.315027,0.2862254
18.101,-0.27691332,0.18509701,0.30539542
18.122,0.045781687,0.158472,0.2404304
18.141,0.079861686,0.210657,0.054055404
18.161,-0.4856533,0.174447,-0.015169594
18.182,-0.68587327,0.356562,0.27131543
18.201,-0.8498833,0.89651704,0.5929454
18.221,-1.1970733,1.0914121,0.9625004
18.241,-1.5644983,0.802797,0.84428537
18.262,-1.3110284,0.369342,0.6323504
18.285,-0.6432733,0.495012,0.28196543
18.301,-0.19916831,0.84433204,0.2084804
18.32,-0.25135332,1.112712,0.1009154
18.34,-0.2055583,1.671837,-0.024754593
18.36,0.41533667,1.833717,0.0923954
18.38,0.6751967,1.579182,0.0742904
18.4,0.5899967,1.486527,0.027430408
18.42,0.72951174,1.763427,-0.3527746
18.442,0.70501673,1.974297,-0.5114596
18.462,0.6645467,1.9604521,-0.60304964
18.486,0.5431367,2.172387,-0.9662146
18.499,0.37912667,2.647377,-1.2452445
18.519,0.5452667,2.9434469,-1.4646345
18.539,0.7742417,2.960487,-1.7532495
18.559,0.8583767,3.008412,-1.9204545
18.581,0.62088174,3.2128918,-1.9875495
18.599,0.20659669,3.434412,-1.7394046
18.619,-0.036223315,3.667647,-1.3826295
18.64,-0.28223833,3.6186569,-1.2484396
18.663,-0.5580733,3.3737068,-1.3048846
18.688,-0.7263433,3.1649668,-1.4380095
18.698,-0.8722483,2.944512,-1.5796546
18.718,-0.9862033,2.5249019,-1.7543145
18.738,-1.2386084,2.0371318,-2.0152397
18.758,-1.5740833,1.521672,-2.1994846
18.777,-1.9052984,1.105257,-2.4476297
18.797,-2.0778284,0.830487,-2.6499796
18.817,-2.1694183,0.71120703,-2.9460497
18.84,-2.2045634,0.781497,-3.1292298
18.862,-2.0117984,0.93698704,-3.0866296
18.885,-1.7178583,0.866697,-3.0269897
18.896,-2.3973284,0.86030704,-2.8661747
18.916,-3.1236584,0.97745705,-2.5839496
18.936,-2.8297184,0.827292,-2.4210048
18.956,-2.4772034,0.645177,-2.4380448
18.976,-2.6284335,0.383187,-2.3890548
18.996,-2.9979885,0.263907,-2.4902296
19.018,-3.0821233,0.18403201,-2.4912946
19.04,-3.9948285,0.092442,-2.2761648
19.06,-5.6296034,0.095637,-1.7415346
19.086,-5.2547235,0.24154201,-1.7106496
19.1,-4.679623,0.36827698,-2.1366496
19.145,-4.503898,-0.215343,-2.0099146
19.189,-4.0832233,-1.0950329,-1.3080796
19.191,-2.6720984,-1.961943,-0.48802957
19.237,-1.9723934,-2.8341782,0.1744004
19.241,-0.2566783,-4.162233,0.4150904
19.286,0.17571169,-5.297523,1.4002155
19.289,0.7785017,-6.201708,3.2948503
19.291,2.7061517,-7.357233,4.6197104
19.299,3.8297267,-8.420103,4.8071504
19.3,5.158847,-8.486133,3.7634504
19.315,3.9500716,-6.539313,3.9189403
19.334,-8.817148,-2.515743,3.9455652
19.354,-7.2026086,-2.0428832,3.0903704
19.375,6.5561266,-3.948168,-0.9544996
19.395,5.284517,-3.099363,-0.49015957
19.417,1.0990666,-2.071638,0.6483254
19.438,1.3834217,-1.8501179,1.0445055
19.453,1.4515816,-1.507188,2.1020503
19.477,1.0096066,-1.2877979,2.4034452
19.492,1.8498917,-1.2792779,1.9146105
19.522,1.9904716,-1.021548,1.7644454
19.532,1.6060066,-0.813873,1.8709455
19.552,1.3930067,-0.71908796,1.8166305
19.572,1.5463667,-0.617913,1.7527305
19.595,1.4132416,-0.46774802,1.6078905
19.617,1.2662716,-0.359118,1.3725255
19.632,1.7987716,-0.36337802,1.4566605
19.652,1.7646916,-0.282438,1.5589005
19.672,1.3248466,-0.235578,1.4428154
19.692,1.2066317,-0.283503,1.3437705
19.721,1.2002417,-0.348468,1.2873255
19.731,1.2439066,-0.394263,1.2372705
19.751,1.5708617,-0.42195302,1.2521805
19.771,1.4526466,-0.372963,1.2873255
19.792,0.9595517,-0.438993,1.1573955
19.812,1.0245167,-0.597678,1.1989305
19.83,1.0958717,-0.56679296,1.0370505
19.851,1.0223867,-0.539103,0.8315054
19.871,1.0468817,-0.81600296,0.7505654
19.891,1.2087617,-0.949128,0.7814504
19.924,1.3855517,-0.922503,0.7782554
19.93,1.4931166,-1.130178,0.7090304
19.95,1.5335866,-1.349568,0.5652554
19.971,1.5857717,-1.9385129,0.32776043
19.991,0.6262067,-2.2857032,-0.27502957
20.009,-0.5122783,-1.776633,-0.2420146
20.03,0.27049667,-1.959813,-0.25905457
20.049,1.1863966,-2.2984831,-0.5838796
20.069,1.4462566,-2.810748,-0.6136996
20.089,1.8403066,-3.291063,-0.6296746
20.117,2.4207315,-3.704283,-0.7383046
20.129,2.2354217,-4.0216527,-0.86397463
20.149,1.7636267,-4.318788,-0.9214846
20.17,2.5006065,-4.6947327,-0.8022046
20.19,3.0150015,-4.992933,-0.6637546
20.209,1.9830166,-5.015298,-0.74788964
20.228,1.4558417,-5.121798,-0.7255246
20.248,2.1800416,-5.175048,-0.7489546
20.268,1.2641417,-5.076003,-0.8490646
20.288,0.22257169,-4.843833,-1.0396996
20.308,-0.10225332,-4.925838,-0.6318046
20.328,-0.8541433,-5.101563,-0.45181957
20.35,-1.5676934,-4.727748,-1.0194645
20.371,-2.5879633,-4.3635178,-1.8096945
20.387,-2.8275883,-4.3752327,-2.4966197
20.407,-2.5059583,-4.1814027,-2.7202697
20.427,-2.1321433,-3.660618,-2.3933146
20.447,-1.6848433,-2.9747581,-1.9353646
20.466,-1.6124233,-2.147253,-1.8064996
20.487,-1.3301984,-1.411338,-2.0099146
20.506,-0.50482327,-0.80322295,-2.3485847
20.526,-0.06710831,-0.213213,-2.3997047
20.547,0.2598467,0.317157,-1.8970245
20.566,0.54846174,0.877347,-1.0982746
20.586,0.8626367,1.263942,-0.2782246
20.606,0.8594417,1.146792,0.1861154
20.626,0.43237668,0.83261704,0.34799543
20.646,-0.0074683125,0.830487,0.5961404
20.665,-0.42281833,0.890127,0.73565537
20.685,-0.8317783,0.859242,0.9667604
20.706,-1.1597984,0.797472,1.1755004
20.727,-1.4313734,0.759132,1.3746555
20.749,-1.6678034,0.71972704,1.5993705
20.764,-1.8829334,0.544002,1.7655104
20.785,-2.0288384,0.340587,1.8869205
20.804,-2.0714383,0.333132,2.0051353
20.824,-2.0661132,0.38212198,2.1702104
20.844,-2.0661132,0.294792,2.3044004
20.864,-2.2258635,-0.13653299,2.2692554
20.884,-2.4356685,-0.48798302,2.1766002
20.904,-2.1960433,-0.444318,1.9444305
20.926,-1.7125334,-0.28137302,1.5354705
20.948,-1.6986884,-0.105648,1.3139504
20.964,-1.6827134,0.24047701,1.2638954
20.987,-1.2652334,0.284142,1.1179905
21.003,-0.7156933,-0.118428,0.8868854
21.023,-0.14698331,-0.386808,0.7814504
21.043,-0.034093313,-0.122688,0.6557804
21.063,-0.061783314,0.163797,0.42254543
21.083,0.0053116875,0.066882,0.3266954
21.104,0.15334669,-0.183393,0.1094354
21.127,0.3844517,-0.29308802,-0.1813096
21.151,0.5111867,-0.211083,-0.41347957
21.162,0.32907167,-0.042813003,-0.4890946
21.182,0.1852967,-0.017253,-0.53488964
21.202,0.1458917,-0.106713004,-0.6360646
21.222,-0.12248831,-0.068373,-0.7159396
21.242,-0.5953483,0.075402,-0.58281463
21.262,-0.8445583,0.181902,-0.30378458
21.281,-0.8094133,0.367212,-0.30804458
21.302,-0.9201733,0.372537,-0.39856958
21.322,-1.2109183,0.115871996,-0.5838796
21.35,-1.3674734,0.315027,-0.7574746
21.361,-1.4633234,0.342717,-0.6829246
21.416,-1.5857984,-0.36976802,-0.7713196
21.475,-1.4292433,-0.427278,-1.0961446
21.478,-0.7732033,0.200007,-0.9374596
21.48,-0.39619333,-0.022578001,-0.6626896
21.548,-0.6688333,-0.276048,-0.6584296
21.55,-1.0085684,0.24154201,-0.71167964
21.554,-1.1640583,0.63985205,-0.57109964
21.588,-1.0958984,0.67180204,-0.27396458
21.593,-0.7593583,0.891192,0.0050654067
21.594,-0.5261233,0.83687705,0.2095454
21.603,-0.2108833,0.592992,-0.066289596
21.605,0.1426967,0.88906205,-0.5572546
21.621,-0.0074683125,1.233057,0.08920041
21.639,-0.6017383,0.752742,0.6461954
21.659,-0.44092333,0.604707,0.32776043
21.681,0.7699817,0.805992,0.0657704
21.703,1.4111116,0.84859204,-0.27715957
21.718,0.5612417,0.804927,-0.5721646
21.739,-1.2993133,0.754872,-0.61476463
21.766,-1.2812084,0.902907,-0.6051796
21.779,-0.45263833,0.82090205,-0.6722746
21.798,-0.8360383,0.521637,-0.5551246
21.818,-0.9542533,0.482232,-0.36129457
21.838,-0.8285833,0.60790205,-0.19089459
21.858,-0.6379483,0.79640704,-0.13657959
21.882,-0.1768033,0.479037,-0.6019846
21.904,-0.5910883,0.140367,-1.2399195
21.917,-1.3365884,0.18935701,-1.2260746
21.937,-1.6241384,0.41407198,-0.9853846
21.965,-1.5634334,0.35230199,-0.5753596
21.977,-1.5655633,0.27349198,-0.5700346
21.997,-1.7082734,0.413007,-0.6115696
22.017,-1.7870834,0.231957,-0.48802957
22.037,-1.4835583,-0.106713004,-0.5434096
22.058,-1.2577784,-0.061983004,-0.8991196
22.081,-1.4068784,0.075402,-0.9683446
22.096,-1.0628834,0.081792,-0.8767546
22.116,-0.7689433,0.284142,-0.8948596
22.136,-0.5719183,0.65582705,-0.86823463
22.159,0.044716686,0.878412,-1.0844295
22.176,0.9520967,0.750612,-1.2665446
22.198,1.7455217,0.854982,-1.5540946
22.216,2.0724766,1.391742,-1.9289745
22.236,2.1246617,1.784727,-2.3304796
22.258,1.9862117,1.817742,-2.5509346
22.279,1.6038766,1.889097,-2.4667997
22.295,1.1384716,2.274627,-2.3294146
22.315,0.6411167,2.547267,-2.4476297
22.335,0.4025567,2.464197,-2.7106848
22.356,0.1863617,1.9764271,-2.7820396
22.377,-0.5058883,1.603677,-2.7266598
22.398,-1.2716234,1.536582,-2.7735198
22.415,-1.7902783,1.570662,-2.8118596
22.436,-1.9478984,1.7112421,-2.6915147
22.454,-1.9415083,1.868862,-2.4934247
22.474,-2.0831532,1.853952,-2.5349596
22.494,-2.2184083,1.696332,-2.6084447
22.513,-2.1342733,1.609002,-2.7074897
22.534,-2.1097784,1.671837,-2.7884297
22.556,-2.1747434,1.567467,-2.8086646
22.578,-2.3121283,1.149987,-2.9183598
22.593,-2.3930683,0.95722204,-3.0269897
22.614,-2.6092634,1.069047,-3.0983446
22.634,-3.3611534,1.0019519,-3.0642648
22.655,-3.5816083,0.507792,-3.0866296
22.672,-2.9181135,-0.262203,-3.0898247
22.692,-3.3100333,-1.099293,-2.9758697
22.712,-4.667908,-1.289928,-2.8896046
22.732,-5.3441834,-0.58276796,-2.6286798
22.756,-4.1247582,0.124391995,-2.2442148
22.774,-3.5017333,0.304377,-1.9555995
22.792,-4.8191385,0.447087,-1.3581345
22.811,-5.5838084,0.262842,-1.3123395
22.835,-2.9202433,-0.463488,-1.2633495
22.851,-1.7647183,-0.507153,-1.9417546
22.871,-3.1396334,-0.20682299,-2.3666897
22.891,-3.5571134,-0.352728,-1.9342996
22.911,-2.0235133,-0.906528,-2.1057646
22.931,-0.8914183,-1.3357229,-2.5115297
22.954,-0.7274083,-1.419858,-2.6648896
22.975,-0.6848083,-1.234548,-2.7000346
22.991,-0.18212831,-1.727643,-2.2399547
23.011,0.1629317,-2.422023,-1.7638996
23.032,0.07453669,-2.776668,-1.2271396
23.05,0.10329168,-3.1504831,-0.69570464
23.07,0.08092669,-3.816108,0.077485405
23.09,0.0053116875,-4.300683,0.5982704
23.11,0.8881967,-4.811883,0.9742154
23.13,1.7487166,-5.328408,1.3277955
23.15,2.5677016,-5.818308,1.5557054
23.171,3.4388716,-6.231528,1.8656205
23.191,4.2205815,-6.625578,2.4758654
23.23,4.6646867,-7.1538177,3.2085853
23.276,4.3728766,-8.093148,4.3651757
23.287,3.3707116,-9.1208725,5.576081
23.333,2.8701615,-9.739638,5.7454157
23.334,5.1599116,-9.781173,4.675091
23.385,7.715912,-9.355173,3.9711254
23.389,5.957597,-5.548863,1.0114905
23.392,1.8466966,-3.097233,3.7229803
23.4,-0.5346433,-5.364618,5.6911006
23.402,2.3515067,-5.253858,4.4929757
23.41,4.9394565,-4.7447877,3.9583454
23.431,8.015177,-4.141998,4.0989256
23.449,9.780947,-3.226098,4.2299204
23.468,10.506211,-2.052468,4.3470707
23.487,11.807642,-0.84369296,4.8156705
23.51,11.786342,0.163797,4.946666
23.527,10.7788515,1.013667,4.0147905
23.547,9.740477,1.866732,3.2969804
23.568,6.7318516,3.0499468,2.9284904
23.59,4.2088666,3.5835118,3.0073004
23.612,3.0565367,3.5994868,3.0988903
23.626,2.2790866,3.852957,3.1031504
23.646,1.4334767,3.7432618,2.7921703
23.666,0.76146173,3.623982,2.5930154
23.686,0.7699817,3.5174818,2.5184653
23.707,0.6634817,3.377967,2.4790604
23.726,0.4089467,3.268272,2.4716053
23.746,0.13950169,3.176682,2.3438053
23.768,-0.36637333,2.7783718,2.3267653
23.79,-0.6209083,2.293797,2.5152702
23.81,-1.0064384,2.083992,2.5376353
23.827,-1.5421333,1.7996371,2.2138753
23.845,-1.4771683,1.041357,1.9103504
23.865,-1.3983583,0.305442,1.8091755
23.885,-1.6273334,-0.050268,1.6835054
23.905,-2.0032783,-0.257943,1.5152354
23.924,-2.1278834,-0.56253296,1.4683754
23.945,-2.2556834,-1.145088,1.3224704
23.967,-2.5315185,-1.629663,1.0658054
23.989,-2.8744483,-1.925733,0.6547154
24.008,-3.3110983,-2.054598,0.1775954
24.024,-3.2919283,-2.2036982,-0.26544458
24.044,-3.3089683,-2.3985932,-0.8298946
24.064,-3.9447734,-2.548758,-1.4656996
24.084,-4.3207183,-2.8469582,-2.0024598
24.104,-4.0597935,-3.494478,-2.0802047
24.123,-4.0928082,-4.118568,-1.9705095
24.146,-4.3132634,-4.4572377,-2.1238697
24.167,-4.5017686,-4.529658,-2.2793596
24.182,-4.6732335,-4.4412627,-2.2559297
24.209,-4.797838,-4.2112226,-2.3773396
24.223,-4.8010335,-3.804393,-2.4604096
24.242,-4.503898,-3.286803,-2.2750998
24.263,-4.100263,-2.8480232,-1.9726396
24.282,-4.1428633,-2.4635582,-1.8746595
24.302,-4.3473434,-1.936383,-2.0152397
24.324,-4.3569283,-1.421988,-1.8831795
24.346,-3.4016232,-1.062018,-1.7191695
24.367,-2.7583632,-0.708438,-1.4976496
24.381,-2.7498434,-0.464553,-1.4795445
24.408,-2.7562335,-0.172743,-1.3783696
24.421,-2.4548383,-0.067308,-1.3400296
24.441,-2.1342733,-0.157833,-1.1824095
24.461,-1.7721734,-0.27285302,-0.7063546
24.481,-2.0288384,-0.280308,-0.5221096
24.501,-2.3249083,-0.017253,-0.4028296
24.522,-2.3749633,0.214917,-0.33786458
24.544,-2.2737885,0.495012,-0.2228446
24.56,-2.1087134,0.459867,-0.0023895935
24.581,-2.0991282,-0.0119280005,0.043405406
24.601,-1.7924083,-0.53058296,-0.34318957
24.62,-1.3951633,-0.520998,-0.7223296
24.64,-1.2439333,-0.26113802,-0.5221096
24.66,-1.3536284,-0.214278,-0.17385459
24.679,-1.7412883,-0.336753,-0.1333846
24.7,-1.8935833,-0.040683,-0.2803546
24.723,-1.8733484,0.389577,-0.32508457
24.743,-1.8605684,0.505662,-0.29206958
24.759,-1.6656734,0.35017198,-0.2207146
24.78,-1.2045283,0.129717,-0.17385459
24.803,-0.7039783,0.031737,-0.1802446
24.819,-0.6581833,-0.005538,-0.2164546
24.871,-0.6368833,0.112677,-0.34638458
24.928,-0.4313383,0.058362,-0.4933546
24.93,-0.5154733,-0.101388,-0.7138096
24.983,-0.4451833,0.322482,-0.7553446
24.986,-0.18638831,0.372537,-0.40815458
24.987,-0.33122832,-2.1300046E-4,-0.2153896
25.037,-0.5719183,0.038126998,-0.051379595
25.039,-0.4334683,0.389577,0.11689041
25.041,-0.0010783125,0.467322,-0.015169594
25.054,0.28327668,0.471582,-0.24840459
25.056,0.4387667,0.502467,-0.2164546
25.062,0.66880673,0.393837,-0.1600096
25.077,1.0213217,0.387447,-0.21112959
25.099,1.2652067,0.477972,-0.1291246
25.118,0.9659417,0.481167,0.2106104
25.136,0.36741167,0.677127,0.40337542
25.157,-0.11396831,0.791082,0.5237204
25.176,-0.40790832,0.59086204,0.6515204
25.196,-0.49630332,0.370407,0.6696254
25.217,-0.52079827,0.31609198,0.6898604
25.238,-0.6347533,0.34378198,0.7899704
25.257,-1.0106983,0.328872,0.9901904
25.276,-1.3493683,0.282012,1.1520704
25.297,-1.2236984,0.193617,1.1946704
25.317,-0.9819433,0.139302,1.1137304
25.336,-1.2790784,0.405552,1.0019054
25.356,-1.8797383,0.717597,1.0306604
25.375,-2.0075383,0.536547,1.0253354
25.396,-1.2929233,-0.066243,0.98486537
25.415,-0.09266832,-0.535908,0.6856004
25.44,0.10968169,-0.408108,0.1680104
25.456,-0.5506183,0.095637,-0.101434596
25.475,-0.5719183,0.713337,-0.34212458
25.495,0.43237668,0.039192,-1.3261845
25.514,1.4377366,-0.867123,-1.9193896
25.534,2.6337316,-0.61045796,-2.8832147
25.555,0.33546168,-0.056658003,-3.5520346
25.574,-0.19916831,-0.57105297,-3.3454247
25.594,1.4451916,-1.2473279,-2.0226946
25.614,2.9500368,-0.328233,-1.1834745
25.637,3.1449316,-0.036423,0.6014654
25.654,3.9351616,-1.083318,0.96037036
25.674,4.623152,-1.605168,-2.2516696
25.695,3.6082067,-2.0428832,-0.8096596
25.716,2.2865417,-1.590258,-0.9683446
25.732,2.8946567,-0.500763,-0.86823463
25.753,2.6379917,-0.420888,-0.13657959
25.773,2.6582267,-0.51354295,0.6408704
25.793,2.2045367,-0.107778005,0.34799543
25.813,2.0213566,-0.0119280005,0.3969854
25.832,2.1480916,-0.0023430001,0.3064604
25.852,1.8892967,0.467322,0.6025304
25.871,1.6699066,0.657957,0.7952954
25.894,2.3760016,-0.13440299,0.7793204
25.911,2.0021865,-0.58276796,0.5162654
25.932,0.7529417,0.28946698,0.6376754
25.951,1.7412616,0.92420703,1.1243805
25.972,4.1726565,0.853917,1.7367555
25.991,4.851062,0.72824705,2.5131404
26.011,5.5507665,0.120132,2.3065302
26.033,4.6657515,-0.298413,1.2457905
26.051,3.5496316,-0.005538,1.0615455
26.071,3.4537816,-0.064113,0.8251154
26.09,3.4260917,0.388512,2.1584954
26.111,3.4963818,0.769782,2.9157104
26.131,2.7040217,0.357627,2.8464854
26.15,1.8541516,-0.030033002,3.2884603
26.17,2.0405266,0.32780698,4.0073357
26.19,2.4643967,0.60683703,4.159631
26.21,2.6028466,0.427917,3.9349153
26.23,2.2801516,0.479037,4.1180954
26.252,1.7913166,0.710142,4.4088407
26.302,1.9297667,0.367212,4.4120355
26.36,2.5378816,-0.236643,4.6687007
26.362,2.3238165,-0.214278,5.0084357
26.416,2.5858066,0.493947,4.8763757
26.418,3.6923416,1.450317,4.5728507
26.42,4.0203614,1.781532,4.4525056
26.471,3.8957567,1.590897,4.2299204
26.473,4.7126117,3.515352,2.8826954
26.476,4.189697,4.364157,1.7463404
26.478,1.7487166,1.941282,2.9178402
26.482,1.9105966,0.374667,3.2458603
26.488,0.6411167,1.206432,3.9977505
26.508,-0.33122832,1.853952,4.0510006
26.528,-0.5708533,1.077567,3.2426653
26.548,0.47071669,-0.55401295,2.8475504
26.568,0.6134267,-0.942738,2.4471104
26.587,-0.6358183,-0.657318,2.1797953
26.608,-1.0043083,-1.6179479,0.023170408
26.629,-1.33124995E-5,-2.0119982,-2.3858597
26.652,-0.08840831,-3.8437982,-3.7426696
26.675,-0.62942827,-5.489223,-6.1985593
26.687,-2.8946834,-6.3050127,-8.50961
26.707,-6.5263333,-7.116543,-11.335055
26.727,-11.936533,-7.282683,-14.3096
26.746,-16.970789,-4.5488276,-14.54177
26.766,-19.434134,1.880577,-10.871779
26.786,-24.649439,14.246292,-2.3698847
26.808,-19.672693,18.01852,0.38633543
26.829,-12.520153,20.449917,-1.2846495
26.851,-7.4411683,21.828026,6.3279705
26.871,6.6796665,20.678892,2.7027104
26.886,10.292147,17.488152,0.41935042
26.905,1.9670416,15.349632,-0.6988996
26.925,-1.7359633,15.202662,-0.15468459
26.945,-0.5825683,15.101487,0.18079041
26.965,-0.3046033,13.221762,0.41189542
26.985,-1.4931433,13.318677,0.7612154
27.009,-0.1523083,13.688232,0.6568454
27.03,-0.06817331,12.279237,-0.39963457
27.044,2.3770666,9.647622,-1.6073445
27.072,2.9755967,8.355777,-3.7980497
27.084,5.8223414,8.028822,-4.1580195
27.104,5.8415117,7.985157,-4.9109745
27.124,6.281357,6.9616923,-5.485009
27.144,7.2973666,5.264082,-6.5510745
27.165,5.1737566,4.439772,-6.6959143
27.187,3.5144866,3.060597,-4.8641143
27.207,4.8702316,1.4215621,-4.0429993
27.223,4.3345366,1.3012171,-5.2027845
27.243,2.2876067,1.659057,-5.6692543
27.266,0.5942567,1.733607,-4.6830645
27.283,0.1661267,1.313997,-3.5488396
27.303,0.53248674,0.813447,-3.5147598
27.323,-0.16721831,0.365082,-3.7565148
27.342,-0.5942833,-0.336753,-3.3219948
27.362,-0.28436834,-0.825588,-2.5924697
27.386,-0.28010833,-0.85647297,-2.1025696
27.406,-0.5271883,-0.63495296,-1.9140645
27.422,-1.5101833,-0.544428,-1.3698496
27.442,-2.4601634,-0.229188,-0.6797296
27.469,-2.7881835,0.326742,-0.1301896
27.484,-3.0437834,0.901842,0.022105407
27.546,-2.9884033,0.934857,0.40763542
27.548,-2.9521933,0.768717,1.0445055
27.594,-3.2759533,0.827292,1.0626105
27.595,-3.1524134,0.795342,-0.010909593
27.641,-1.5815383,0.030672,-0.6094396
27.644,-1.6454383,-0.208953,-0.46885958
27.693,-2.8510184,-1.0066379,1.2766755
27.697,-2.7359984,-1.378323,2.4822552
27.7,-2.0650485,-1.090773,1.1041454
27.708,-0.6123883,-1.136568,0.36397043
27.711,1.4292166,-1.016223,-0.07161459
27.722,2.2066667,-0.55827296,0.33521542
27.741,1.4388016,-0.087543,1.1169255
27.761,0.8317517,0.42046198,1.1339655
27.781,0.6176867,0.401292,1.1158605
27.799,1.3386916,0.29798698,1.3885005
27.82,2.8371468,-0.173808,1.2905204
27.839,3.8499618,-0.84369296,1.5003254
27.859,4.9501066,-1.139763,1.7921355
27.879,6.5188518,-1.981113,2.3118553
27.906,7.8927016,-3.8597732,1.7314304
27.919,8.337872,-5.365683,0.68347037
27.939,7.9310417,-4.688343,0.1871804
27.961,7.387892,-1.265433,0.7537604
27.98,6.1918964,-0.233448,1.6984154
27.998,5.272802,-0.78724796,2.3778853
28.018,6.5774264,-0.512478,2.7027104
28.038,5.3920817,-0.296283,2.5024903
28.058,4.3760715,0.200007,3.0882404
28.078,3.8148167,0.926337,2.9263604
28.102,2.9276717,1.291632,3.4567304
28.118,4.4932218,1.037097,3.1968703
28.17,5.590172,0.914622,2.8017554
28.214,3.9362266,1.769817,2.9380753
28.217,1.6454116,2.0381968,2.1489103
28.232,4.0086465,0.20639701,1.3373804
28.234,4.677467,-1.267563,-0.32188958
28.292,2.2024066,1.905072,3.3459704
28.296,1.6241117,0.428982,5.5313506
28.347,2.7476866,-1.316553,2.8518102
28.349,3.2652767,-2.052468,1.4311005
28.352,2.6699417,-2.5104182,-0.19089459
28.36,2.6486416,-3.1195982,0.112630405
28.364,3.2812517,-3.3624182,0.7590854
28.378,1.9872767,-3.5530531,0.4981604
28.396,0.32481167,-4.238913,-0.38152957
28.416,-1.9116883,-3.870423,-0.6573646
28.436,-0.6730933,-2.825658,0.3469304
28.456,1.1949166,-0.769143,-0.2047396
28.476,-2.5198033,0.0029819997,0.5152004
28.495,-2.7572985,0.20213701,1.0189455
28.516,-3.1694534,0.849657,1.6387755
28.539,-3.2397432,1.109517,0.9422654
28.561,-2.2546184,2.030742,0.4172204
28.574,-1.5250933,2.292732,0.8016854
28.594,-1.2641684,1.3331671,-0.11421459
28.615,-0.77000827,0.733572,-0.74362963
28.635,-0.6677683,0.305442,-0.8533246
28.654,-0.7625533,0.370407,-0.9385246
28.674,-0.7604233,0.53122205,-1.3421595
28.694,-1.0884434,0.71120703,-1.6424896
28.716,-1.3909034,0.978522,-1.7660296
28.741,-1.5101833,1.2277321,-1.5402496
28.754,-1.7348983,1.474812,-1.1046646
28.775,-2.2397084,1.7825971,-0.6733396
28.794,-2.0682433,1.848627,-0.4070896
28.848,-1.6880383,1.824132,-0.30378458
28.908,-1.4004884,1.652667,-0.28887457
28.91,-1.0373234,1.479072,-0.25266457
28.911,-1.4569334,1.376832,-0.44755957
28.981,-1.9574834,1.129752,-0.14190459
28.982,-1.6156183,0.90077704,-0.054574594
28.987,-1.3067683,0.730377,-0.6094396
29.018,-1.2460634,0.38425198,-0.60304964
29.025,-1.0660783,0.073272,-0.36768457
29.029,-0.8573383,-0.39958802,-0.1301896
29.032,-0.6390133,-0.978948,-0.081199594
29.035,-0.40364832,-0.797898,0.008260407
29.052,-0.30992833,-0.38361302,0.46834043
29.072,-0.38980332,-0.140793,0.8368304
29.092,-0.1725433,-0.092868,1.0051005
29.113,0.11074669,-0.086478,1.1254455
29.131,0.34185168,-0.282438,1.2159704
29.151,0.4025567,-0.509283,1.3203404
29.17,0.6294017,-0.849018,1.1989305
29.194,1.1033267,-1.1834279,0.8261804
29.215,1.3333666,-1.410273,0.36610043
29.232,1.5484966,-1.6168829,0.038080405
29.25,1.9851466,-1.498668,-0.1504246
29.27,2.2961266,-1.221768,-0.5742946
29.291,2.6507716,-1.564698,-0.9023146
29.311,3.3653867,-1.927863,-0.5423446
29.33,1.6848166,-2.6073332,-0.36129457
29.35,0.10009669,-2.8288531,-1.0727146
29.37,-0.6166483,-2.723418,-1.4742196
29.393,0.34398168,-1.7947379,-0.7766446
29.417,2.2151866,-0.989598,0.32989043
29.429,5.6253166,-1.007703,1.1914754
29.449,4.1023664,-0.882033,0.6525854
29.469,1.5506266,-0.99918294,0.5492804
29.49,1.3163266,-2.369838,1.9540155
29.513,0.6464417,-2.724483,0.6643004
29.528,-0.18638831,-2.132343,0.9156404
29.548,0.48349667,-1.572153,1.3320554
29.569,1.5112216,-1.398558,1.2170354
29.59,2.0170968,-1.331463,1.3171455
29.609,2.4239266,-1.004508,1.2436604
29.628,2.8041317,-0.583833,1.1659155
29.648,3.0884867,-0.044943,1.1691104
29.668,3.2375867,0.424722,1.1179905
29.688,2.9958317,0.654762,0.96037036
29.707,2.7306466,0.682452,0.8741054
29.727,2.9255416,0.496077,0.7952954
29.747,3.1566467,0.274557,0.81979036
29.767,2.8659017,0.31609198,0.99977535
29.788,2.5634418,0.426852,1.1254455
29.818,2.4473567,0.672867,0.9273554
29.827,2.4526815,0.97319704,0.9550454
29.868,2.5016716,1.241577,1.0317254
29.91,2.8744216,1.479072,1.0924305
29.92,3.9639165,1.5813121,1.1041454
29.969,4.7775764,1.7825971,0.8868854
29.971,4.965017,2.035002,1.0051005
30.012,5.2429814,2.146827,1.2649604
30.014,5.1854715,1.862472,1.4183204
30.025,4.5624466,1.6143271,1.7282355
30.027,3.7999067,1.900812,1.9944855
30.051,3.4186366,2.269302,2.1286752
30.055,3.0235217,2.323617,2.1499753
30.07,2.2162516,2.243742,2.3278303
30.091,1.6773616,2.5856068,2.6302903
30.104,1.7029216,2.817777,3.0136902
30.125,1.6123966,2.6186218,3.1745052
30.145,1.4121766,2.5195768,3.1127353
30.165,1.3280417,2.5579169,3.1169953
30.184,0.93825173,2.6015818,3.1287103
30.204,0.46858668,2.400297,3.0307302
30.227,0.1650617,2.0094419,2.5568054
30.247,0.022351688,1.737867,2.2309153
30.265,-0.054328315,1.6303021,2.0541253
30.314,-0.09266832,1.5813121,1.9540155
30.38,-0.37808833,1.206432,2.1702104
30.383,-1.0586233,0.210657,3.0712004
30.384,0.14056669,-0.697788,2.8305104
30.434,1.2779866,-1.3921679,2.2436953
30.436,0.097966686,-1.502928,3.0275354
30.438,0.25239167,-0.974688,3.0009103
30.44,0.5623067,-0.633888,2.4875803
30.444,-0.5836333,-0.736128,2.0136554
30.48,-1.5272233,-0.366573,0.9625004
30.487,-1.8680234,0.99662703,-0.9715396
30.504,-0.9617083,2.513187,-0.0077145933
30.523,1.9382867,1.8230671,-1.7532495
30.542,3.7232265,1.3321021,-3.7682297
30.562,3.1683617,0.569562,-4.1750593
30.584,2.7562068,-0.737193,-4.216594
30.602,2.5527916,-2.391138,-4.0941195
30.629,2.4729166,-3.832083,-3.5978296
30.647,3.0522766,-4.4551077,-3.1121898
30.661,3.8840415,-4.610598,-1.9971346
30.681,3.4207666,-4.269798,-0.5093296
30.701,1.6656467,-3.1845632,-0.0758746
30.721,0.9489017,-2.499768,0.1371254
30.741,1.1374067,-1.853313,0.41615543
30.761,0.8913917,-1.147218,0.50668037
30.781,0.077731684,-0.664773,0.5002904
30.801,-0.47500333,-0.375093,0.4491704
30.824,-0.39832333,-0.246228,0.40550542
30.845,-0.1363333,-0.15357299,0.46621042
30.859,0.014896688,-0.036423,0.5982704
30.879,0.054301687,0.072207,0.7260704
30.901,-0.024508312,0.22130701,0.5940104
30.919,-0.42068833,0.425787,0.36823043
30.939,-1.0053734,0.665412,0.21593541
30.959,-1.3951633,0.91249204,0.103045404
30.979,-1.3600184,1.044552,0.050860405
31.0,-1.2961184,1.109517,-0.0077145933
31.021,-1.2567134,1.1318821,0.0018704063
31.038,-1.0213484,1.112712,0.19783041
31.059,-0.71782327,1.013667,0.4672754
31.078,-0.3929983,0.842202,0.6440654
31.098,-0.12781331,0.805992,0.7963604
31.118,0.020221688,0.87202203,0.8176604
31.138,-0.08414832,0.931662,0.6973154
31.16,-0.44624832,1.039227,0.49603042
31.194,-0.8094133,1.079697,0.44810542
31.199,-0.62516826,0.942312,0.49177042
31.244,-0.18425831,0.793212,0.43426043
31.246,-0.30566832,0.762327,0.3991154
31.264,-0.7817233,0.766587,0.39166042
31.276,-1.1161333,0.777237,0.42148042
31.299,-1.1651233,0.737832,0.45236543
31.317,-0.77000827,0.616422,0.41189542
31.337,-0.5218633,0.533352,0.43745542
31.357,-0.6528583,0.439632,0.4672754
31.376,-0.8360383,0.315027,0.47047043
31.399,-0.5953483,0.229827,0.45236543
31.42,-0.12248831,0.18829201,0.4672754
31.438,-0.021313312,0.17125201,0.5322404
31.457,-0.14804831,0.164862,0.5982704
31.476,-0.16189331,0.15208201,0.6366104
31.496,-0.061783314,0.110547,0.5876204
31.516,0.17358169,-0.023643,0.3991154
31.536,0.3706067,-0.17061299,0.19676541
31.556,0.2758217,-0.29521802,0.1019804
31.576,0.26304168,-0.416628,0.0742904
31.6,0.3706067,-0.465618,0.1019804
31.62,0.2204417,-0.459228,0.113695405
31.64,0.19168669,-0.430473,0.1339304
31.655,0.5218367,-0.400653,0.1882454
31.674,0.6826517,-0.32929802,0.25321043
31.695,0.48136666,-0.22492799,0.30326542
31.715,0.27475667,-0.215343,0.27983543
31.737,0.2193767,-0.208953,0.30007043
31.754,0.22789669,-0.14931299,0.40763542
31.776,0.2332217,-0.140793,0.48644543
31.798,0.16932169,-0.140793,0.5375654
31.814,-0.010663312,-0.129078,0.6046604
31.84,-0.073498316,-0.13546799,0.6408704
31.854,0.061756685,-0.147183,0.6493904
31.874,0.09157669,-0.119493,0.6334154
31.893,-0.044743314,-0.049203,0.5844254
31.913,-0.1608283,0.026411999,0.5460854
31.934,-0.10118832,0.097766995,0.5396954
31.955,-0.060718313,0.155277,0.5567354
31.976,-0.1533733,0.18722701,0.5567354
31.997,-0.28543332,0.200007,0.5812304
32.012,-0.2140783,0.22343701,0.6919904
32.044,-0.056458313,0.22237201,0.8336354
32.052,0.014896688,0.228762,0.9454604
32.072,0.029806688,0.320352,0.99764544
32.092,0.036196686,0.374667,0.94439536
32.112,0.028741688,0.317157,0.81979036
32.131,-0.031963315,0.231957,0.6866654
32.152,-0.16828331,0.162732,0.5311754
32.176,-0.33442333,0.200007,0.5002904
32.191,-0.3386833,0.250062,0.5929454
32.211,-0.1586983,0.178707,0.63874036
32.238,0.058561686,0.047712,0.5918804
32.251,0.17251669,-0.021513,0.5407604
32.274,0.17038669,-0.021513,0.4470404
32.291,0.056431685,0.054102,0.33308542
32.31,-0.080953315,0.177642,0.2702504
32.332,-0.072433315,0.27349198,0.2681204
32.351,-0.013858313,0.30757198,0.30007043
32.376,0.097966686,0.30970198,0.30326542
32.39,0.18955669,0.335262,0.28729042
32.41,0.1267217,0.409812,0.27557543
32.441,0.044716686,0.46625698,0.25960043
32.45,0.20872669,0.469452,0.20102541
32.47,0.3546317,0.444957,0.12647541
32.489,0.34398168,0.43643698,0.030625409
32.509,0.30138168,0.53122205,-0.0023895935
32.531,0.15760669,0.626007,-0.056704596
32.552,-0.011728312,0.693102,-0.1046296
32.574,-0.06497832,0.757002,-0.0023895935
32.588,0.088381685,0.718662,0.1584254
32.609,0.2332217,0.58660203,0.26173043
32.636,0.2023367,0.409812,0.2840954
32.649,0.1778417,0.269232,0.23404041
32.668,0.2215067,0.209592,0.16481541
32.688,0.1821017,0.215982,0.09772041
32.708,-0.0064033126,0.267102,0.041275404
32.729,-0.18425831,0.315027,0.044470403
32.749,-0.09373331,0.306507,0.1019804
32.767,0.012766688,0.250062,0.1605554
32.787,0.047911685,0.211722,0.2074154
32.807,0.035131685,0.200007,0.2702504
32.834,0.1490867,0.196812,0.28942043
32.847,0.1821017,0.217047,0.2223254
32.867,0.045781687,0.25538698,0.095590405
32.886,-0.056458313,0.260712,-0.016234593
32.908,-0.07030331,0.243672,-0.060964596
32.927,-0.027703313,0.20213701,-0.056704596
32.948,0.0021166874,0.137172,-0.0077145933
32.966,0.039391685,0.103092,0.0934604
32.986,0.10968169,0.088181995,0.1903754
33.006,0.1639967,0.080726996,0.24788539
33.028,0.1416317,0.073272,0.25534043
33.046,0.12033168,0.067947,0.1946354
33.067,0.06495169,0.060491998,0.123280406
33.085,-0.009598312,0.051971998,0.094525404
33.107,-0.043678313,0.042386997,0.07961541
33.128,0.025546689,0.025347,0.044470403
33.145,0.058561686,8.5199974E-4,0.025300408
33.165,0.021286687,-0.026838,0.007195406
33.184,-0.038353313,-0.035358,0.007195406
33.205,0.0042466875,-0.035358,0.021040406
33.227,0.1480217,-0.058788,0.021040406
33.248,0.1842317,-0.069438,0.042340405
33.264,0.1309817,-0.055593003,0.054055404
33.284,0.113941684,-0.043878,-0.0023895935
33.306,0.1629317,-0.040683,-0.033274595
33.325,0.070276685,-0.052398004,-0.030079594
33.344,-0.06710831,-0.051333003,-0.008779594
33.364,0.009571687,-0.052398004,0.023170408
33.384,0.045781687,-0.047073003,0.046600405
33.404,0.009571687,-0.034293003,0.040210404
33.426,0.0010516874,-0.016188,0.038080405
33.454,-0.037288316,0.017892,0.040210404
33.464,-0.046873312,0.062622,0.037015405
33.484,-0.019183312,0.063687,0.026365407
33.504,-0.056458313,0.046646997,-0.0034545935
33.524,-0.06817331,0.057297,-0.013039593
33.542,-0.09160332,0.079661995,-0.005584594
33.562,-0.08414832,0.054102,-0.014104594
33.582,-0.06604332,0.010437,-0.014104594
33.603,-0.031963315,-0.0108630005,-0.014104594
33.622,-0.010663312,-0.040683,-0.022624593
33.644,-0.0021433125,-0.067308,-0.033274595
33.662,-0.09160332,-0.055593003,-0.034339596
33.681,-0.089473315,-0.042813003,-0.033274595
33.705,-0.028768312,-0.035358,-0.033274595
33.721,0.014896688,-0.025773,-0.021559592
33.741,-0.14591831,-0.069438,-0.0077145933
