0.044,-0.384515,0.69578,9.173193
0.046,-0.2815085,0.2717765,9.793628
0.047,0.0251155,0.2238665,10.052341
0.048,-0.331814,0.9568895,9.901425
0.05,-0.518663,1.304237,9.762486
0.052,-0.1042415,1.682726,9.731344
0.054,0.003556,1.2108124,9.726554
0.055,-1.290014,0.6790115,9.810396
0.057,0.085003,1.3210055,9.400765
0.058,-0.5306405,0.403529,9.779255
0.238,-0.6504155,0.187934,9.963708
0.24,-0.403679,0.3580145,9.798418
0.241,-0.7989365,0.331664,9.932567
0.242,-0.6935345,-0.046825,10.155348
0.243,-0.8037275,0.1232555,9.863097
0.245,-0.619274,0.729317,9.11091
0.246,-0.4875215,1.4455715,8.559945
0.256,-0.418052,0.7125485,9.400765
0.257,-0.197666,0.1040915,10.150557
0.258,-0.31265,0.3340595,9.719367
0.44,-0.3581645,0.9664715,9.053418
0.441,-0.16892,1.069478,9.168402
0.443,-0.1856885,0.369992,10.002036
0.444,-0.3821195,0.101696,10.143371
0.446,-0.5162675,0.6263105,9.585219
0.447,-0.3773285,0.7125485,9.407952
0.448,-0.489917,0.4346705,9.779255
0.449,-0.6743705,0.235844,9.908611
0.451,-0.7126985,0.422693,9.693016
0.452,-0.614483,0.5017445,9.870283
0.638,-0.580946,0.6215195,9.946939
0.639,-0.69593,0.6167285,9.89903
0.64,-0.6120875,0.619124,9.970895
0.642,-0.451589,0.8514875,9.671457
0.644,-0.5018945,0.853883,9.609174
0.645,-0.355769,0.7077575,9.659479
0.646,-0.3054635,0.604751,9.558868
0.647,-0.164129,0.5017445,9.597197
0.648,-0.0850775,0.317291,9.704994
0.65,-0.1665245,0.4250885,9.642711
0.838,-0.1473605,0.513722,9.52054
0.84,-0.0731,0.475394,9.37202
0.841,-0.039563,0.326873,9.439094
0.843,0.3365305,0.125651,9.561264
0.844,0.573685,0.1903295,9.616361
0.846,0.573685,0.183143,9.4726305
0.846,0.334135,0.0418085,9.383997
0.847,0.2407105,0.278963,9.292968
0.849,0.209569,0.40832,9.245058
0.852,0.1928005,0.437066,9.312132
1.039,0.11854,0.3484325,9.434302
1.04,-0.1521515,0.3340595,9.6834345
1.041,-0.0850775,0.317291,9.805605
1.043,-0.034772,0.2526125,10.004432
1.044,-0.0611225,0.2047025,10.52665
1.045,0.099376,0.111278,10.960236
1.047,0.2407105,0.0561815,11.190204
1.048,0.5137975,-0.0348475,11.424963
1.05,1.02883,0.302918,11.283628
1.052,1.0360165,0.710153,10.541023
1.239,0.463492,0.7939955,9.963708
1.24,0.425164,-0.123481,10.09067
1.242,0.540148,-1.2996715,10.140975
1.243,-0.015608,-1.93927,9.764881
1.244,-1.519982,-2.1524694,9.503772
1.245,-2.2458186,-2.566891,9.721763
1.246,-2.061365,-3.3550105,9.978081
1.248,-2.7872014,-3.2016985,10.37813
1.25,-2.794388,-2.5549135,10.495509
1.251,-1.1965895,-2.638756,10.217631
1.439,-0.3150455,-2.1237235,10.186489
1.44,-0.2335985,-2.504608,10.438017
1.441,-0.2335985,-2.423161,10.445204
1.442,0.267061,-2.1955886,9.887052
1.444,0.7246015,-2.2195435,9.266618
1.445,0.6719005,-2.456698,9.257035
1.446,0.573685,-2.461489,9.103724
1.448,0.2934115,-1.618273,8.67972
1.449,-0.0754955,-0.995443,8.715652
1.451,0.1975915,-1.0697035,8.890524
1.639,0.530566,-1.6781605,8.82345
1.64,0.703042,-2.5405405,8.91927
1.641,0.578476,-3.4172935,8.98874
1.642,-0.068309,-3.553837,8.641392
1.644,0.1209355,-3.9826314,7.9443016
1.645,0.8851,-4.876153,7.352613
1.647,1.0599715,-6.140977,6.748947
1.649,2.0517085,-8.11966,6.61959
1.65,4.3178515,-8.488567,6.5022106
1.652,6.0809393,-6.0762987,7.558626
1.839,5.8749266,-4.464127,6.9525647
1.84,6.710956,-6.701524,7.0292206
1.842,7.041535,-7.8322,7.366986
1.843,7.314622,-7.971139,6.8806996
1.844,12.941651,-9.62643,11.949577
1.845,11.813371,-2.3920195,14.301958
1.846,1.4145055,-3.7862005,8.603064
1.848,2.9284616,-6.126604,5.838657
1.849,1.838509,-7.2213473,4.6768394
1.851,0.4179775,-11.248183,4.5235276
1.857,2.327191,-10.816993,4.540296
2.053,1.929538,-12.563313,5.551197
2.054,1.3474315,-9.209613,3.2299576
2.055,1.5151165,-4.7348185,2.1663556
2.056,2.078059,-9.303037,4.238463
2.057,1.196515,-11.935692,3.8144596
2.058,0.3269485,-7.6285825,1.9028505
2.059,0.458701,-6.979402,2.4059055
2.059,-0.8564285,-7.032103,1.6441365
2.06,-2.8782306,-9.362925,1.871709
2.061,-1.7523454,-16.297897,3.3209865
2.49,-1.409789,-8.469403,8.890524
2.492,-4.212524,-10.431317,3.3209865
2.494,-3.7981026,-11.935692,3.630006
2.496,-1.529564,-8.0070715,5.498496
2.498,-1.917635,-6.9482603,5.4002805
2.499,-2.4662044,-9.813278,6.8375807
2.5,-1.951172,-10.443295,6.806439
2.501,-2.1931176,-8.301718,6.729783
2.503,-2.813552,-8.45503,6.1716313
2.504,-2.2362366,-10.7858515,5.464959
2.689,-2.722523,-10.055224,5.445795
2.691,-3.3237934,-9.643198,5.37393
2.693,-3.1944366,-11.511688,6.1428857
2.694,-3.2950475,-13.3682,7.156182
2.696,-3.4196136,-11.106849,8.238948
2.698,-2.7009635,-5.9900603,8.035331
2.699,-4.48082,-7.6237917,5.445795
2.701,-6.186416,-9.164098,1.512384
2.702,-3.968183,-2.3680644,0.012801
2.704,-4.6029906,-2.2578714,2.1998925
2.887,-5.999567,-8.124451,1.5004065
2.889,-5.6426377,-11.30807,2.5592175
2.89,-3.8747585,-12.02672,2.863446
2.892,-1.5798695,-7.956766,2.1040726
2.894,-1.716413,-10.912813,2.944893
2.895,-1.922426,-12.91066,1.948365
2.897,-1.2780365,-6.4308324,2.614314
2.898,-0.580946,-3.946699,0.9494415
2.9,-1.869725,-5.6786456,1.459683
2.901,-0.873197,-7.5998363,2.4298606
3.12,0.669505,-11.353585,0.894345
3.122,0.3556945,-11.847058,1.464474
3.123,0.3173665,-11.346398,2.4202785
3.125,0.386836,-10.41934,2.849073
3.129,0.271852,-10.723569,3.419202
3.178,-0.2288075,-9.731832,3.371292
3.182,0.085003,-8.931734,4.4324985
3.331,0.386836,-9.058696,3.6563566
3.333,0.0011605,-9.619243,2.389137
3.335,0.612013,-9.590497,2.93052
3.336,1.565422,-8.752072,3.165279
3.338,1.12465,-9.679131,1.723188
3.34,1.4192965,-12.582477,1.2081555
3.342,0.9018685,-11.552411,1.862127
3.343,0.300598,-10.668472,1.1123354
3.524,0.0538615,-10.273214,0.24756
3.525,0.075421,-6.323035,-0.0806235
3.527,0.3461125,-4.6677446,0.2355825
3.528,1.3905505,-6.6416364,1.6776735
3.53,1.929538,-8.684998,2.034603
3.532,2.1092005,-9.580915,2.676597
3.535,2.547577,-9.782137,3.2682855
3.537,2.7607765,-10.263633,2.542449
3.539,2.763172,-11.504501,2.087304
3.541,3.175198,-11.470964,2.5017254
3.724,3.4219346,-10.234886,2.724507
3.726,3.3931885,-10.280401,2.413092
3.727,3.500986,-10.816993,1.795053
3.729,3.563269,-10.606189,1.435728
3.73,3.587224,-9.98815,1.2704386
3.731,3.6758575,-9.724645,0.942255
3.732,4.3657613,-10.165417,1.028493
3.734,4.8017426,-10.071993,1.713606
3.736,4.808929,-9.219194,2.283735
3.737,5.067643,-9.350947,1.8836865
3.924,5.551534,-9.703086,1.622577
3.926,5.6305857,-9.566542,1.239297
3.927,5.6018395,-8.83831,0.659586
3.928,5.7359877,-8.941317,0.309843
3.93,6.136036,-8.737699,0.424827
3.931,6.3444443,-8.014258,0.9302775
3.933,6.4450555,-8.0454,1.220133
3.935,6.533689,-7.9447885,1.148268
3.937,6.418705,-7.434547,0.9781875
3.939,6.1863413,-7.9399977,1.081194
4.121,6.1528044,-8.814355,1.3614675
4.123,6.3731904,-8.737699,1.584249
4.125,6.337258,-8.296927,1.598622
4.126,5.7934794,-8.495753,1.847754
4.128,5.982724,-9.05151,2.1759374
4.129,6.552853,-8.788005,2.398719
4.131,6.7612615,-8.608342,2.346018
4.133,6.7612615,-8.950898,2.2813394
4.135,6.8283353,-8.759258,2.2621756
4.137,6.830731,-8.603551,2.5400536
4.141,7.16131,-8.804773,2.9089606
4.177,7.443979,-8.747281,3.17007
4.18,7.30504,-8.811959,3.4215975
4.228,7.3793006,-8.368792,3.304218
4.23,7.295458,-8.062168,3.083832
4.408,7.1876607,-8.649066,3.0574815
4.41,7.798513,-8.67302,2.781999
4.412,8.047645,-8.888616,2.6358736
4.413,7.851214,-9.195239,2.623896
4.414,7.597291,-8.656252,2.4154875
4.416,7.233175,-8.505336,2.4825616
4.416,6.960088,-8.474194,2.504121
4.417,6.3923545,-8.256204,2.4777706
4.419,5.7072415,-7.9016695,2.2573845
4.6,4.7682056,-7.8010583,2.0130434
4.601,4.099861,-7.88011,1.799844
4.603,3.788446,-7.242907,1.0644255
4.605,2.8374324,-6.92191,0.1301805
4.607,1.8840235,-7.056058,-0.020736
4.608,2.173879,-6.1002536,-0.025527
4.61,2.6026735,-4.976764,-0.37527
4.611,2.4062426,-5.24506,-0.9477945
4.612,2.6122556,-6.3733406,-0.892698
4.613,3.678253,-5.982874,-0.8088555
4.791,4.3561797,-4.914481,-1.7622645
4.792,4.454395,-5.9158,-3.0941625
4.794,6.2629976,-7.817827,-3.930192
4.795,7.8871465,-6.6320543,-4.6224914
4.797,8.078787,-5.992456,-5.2836494
4.798,9.034591,-7.9064603,-5.0057716
4.799,10.876731,-8.773631,-4.49553
4.801,11.257615,-7.875319,-4.438038
4.804,11.782229,-9.101815,-5.036913
4.805,13.784867,-10.278006,-6.306528
4.815,16.573229,-8.117265,-8.160645
5.011,19.241816,-7.7435665,-8.699633
5.012,21.12947,-9.192844,-8.402591
5.014,26.675053,-7.9639525,-9.550035
5.015,31.478031,-10.165417,-12.312046
5.016,30.48869,-14.237767,-17.768995
5.018,30.491085,-15.425935,-17.05274
5.019,33.9957,-16.511097,-11.600583
5.02,40.396477,-21.05536,-8.941578
5.021,45.273716,-21.505714,-6.45984
5.023,46.09537,-2.7225986,-3.8176036
5.284,3.5177546,0.058577,3.366501
5.441,2.2241845,0.298127,4.6193476
5.442,1.2468204,1.5126455,4.688817
5.444,-0.5018945,1.6707485,4.7534957
5.446,-1.5654964,0.8706515,5.445795
5.448,-2.1116705,0.178352,6.3441076
5.45,-2.703359,0.7508765,6.5309563
5.451,-3.546575,0.700571,6.442323
5.452,-3.6208355,-0.588208,6.375249
5.628,-3.661559,-1.1751055,6.6555223
5.629,-4.2772026,-0.391777,6.950169
5.631,-4.33709,0.2813585,6.820812
5.633,-4.4544697,0.192725,6.8088346
5.634,-4.437701,-0.2264875,6.7034326
5.636,-4.6221547,-0.746311,6.528561
5.637,-5.1060457,-1.0840765,6.777693
5.638,-4.9191966,-1.349977,7.1442046
5.694,-4.605386,-1.239784,7.213674
5.743,-5.017412,-1.4146554,7.5083203
5.745,-4.595804,-1.829077,7.3502173
5.747,-4.3730226,-1.8937556,6.825603
5.749,-4.3059487,-1.8362635,6.52377
5.75,-3.944228,-1.7164885,6.3057795
5.751,-3.4004495,-1.675765,5.7452326
5.797,-3.168086,-1.441006,4.971486
5.8,-2.7872014,-1.421842,4.272
5.825,-2.1260436,-1.41226,3.6324015
5.827,-1.4121845,-0.904414,3.2491214
5.868,-0.633647,-0.5666485,2.940102
5.869,0.564103,-1.1224045,2.9712434
5.871,1.7594575,-1.6829515,2.8347
5.921,2.427802,-1.785958,3.1245556
5.924,2.5883005,-1.7979355,4.3318877
5.964,3.3644426,-2.595637,4.8924346
5.965,5.1131573,-3.8293195,4.0635915
6.003,6.227065,-4.7396097,2.920938
6.005,6.1048946,-5.8127937,3.8815334
6.071,6.3779817,-7.0536623,5.249364
6.073,9.09927,-7.3267493,5.647017
6.075,10.548547,-8.23704,5.9320817
6.076,9.367565,-10.48881,6.926214
6.247,9.559205,-11.286511,7.9778385
6.249,12.647005,-12.419582,7.6185136
6.25,13.787263,-14.750404,6.9908924
6.251,12.462551,-15.260646,7.477179
6.253,12.208629,-14.295259,8.952807
6.254,12.747616,-13.29394,9.417534
6.256,11.71276,-12.024325,7.2735615
6.258,11.283965,-11.64344,4.971486
6.26,12.266121,-12.853168,5.0505376
6.675,9.276537,-4.761169,1.239297
6.677,8.826182,-5.1372623,1.78068
6.678,8.941167,-4.991137,1.8693135
6.68,8.910025,-5.364835,2.231034
6.681,8.7639,-5.441491,2.3579955
6.682,8.754317,-4.928854,2.207079
6.684,8.562677,-5.086957,1.598622
6.685,8.754317,-5.015092,1.162641
6.873,9.092083,-4.9695773,0.980583
6.875,9.429849,-5.3528576,1.1506635
6.877,9.494527,-4.852198,0.975792
6.878,9.027405,-4.8114743,0.8057115
6.879,8.509976,-5.10133,0.717078
6.881,8.450089,-5.034256,0.6140715
6.882,8.541118,-5.350462,0.587721
6.883,8.682452,-5.6451087,0.3888945
6.884,8.45488,-5.4055586,0.146949
6.886,7.9685936,-5.427118,-0.0279225
6.892,7.841632,-5.321716,0.0056145
7.079,8.186584,-5.0653973,-0.111765
7.081,8.43332,-5.3720217,-0.2003985
7.082,8.524349,-5.944546,-0.207585
7.084,8.675266,-6.4212503,-0.2866365
7.085,8.656102,-6.447601,0.00801
7.086,8.83816,-6.2679386,0.0918525
7.088,9.746055,-5.796025,0.261933
7.09,10.953386,-5.2522464,-0.18363
7.092,11.365413,-5.130076,-0.461508
7.094,9.70054,-5.048629,0.233187
7.277,7.324204,-4.727632,1.747143
7.278,6.5696216,-4.655767,2.7412755
7.28,7.6092687,-4.9168763,3.2155845
7.281,9.4442215,-5.168404,3.189234
7.282,10.349721,-5.177986,3.035922
7.284,9.820315,-5.0510244,2.853864
7.284,9.2957,-4.967182,2.8227224
7.286,9.139993,-4.8114743,2.9137516
7.287,9.053755,-4.761169,3.141324
7.289,8.773481,-4.809079,2.940102
7.476,8.141069,-4.8354297,2.379555
7.479,7.2930627,-4.694095,1.8309855
7.481,6.7995896,-4.6821175,1.315953
7.483,6.912178,-4.6102524,1.0787985
7.484,7.2547345,-4.775542,1.10994
7.486,7.472725,-5.177986,1.15785
7.488,7.223593,-5.154031,0.9254865
7.491,6.7564707,-4.679722,0.7338465
7.492,6.3875637,-4.6054616,0.9159045
7.494,6.34684,-4.943227,1.1027535
7.675,6.39475,-4.9839506,1.30158
7.677,7.568545,-5.240269,1.5483165
7.678,9.777196,-6.2296104,0.6859365
7.68,10.256296,-6.9961705,-0.13572
7.681,9.678981,-6.711106,-0.5261865
7.682,10.673113,-6.452392,-1.4125215
7.683,12.100831,-6.1098356,-2.2174096
7.685,11.942728,-5.000719,-2.5719435
7.686,10.922245,-4.1694803,-1.989837
7.688,10.165267,-3.438853,-1.414917
7.875,9.374752,-2.748949,-1.0196595
7.876,8.090764,-2.715412,-0.8280195
7.878,7.20922,-3.23284,-0.5884695
7.879,7.1349597,-3.3310554,-0.7226175
7.88,7.5613585,-3.4364574,-0.61482
7.881,7.630828,-4.0544963,-0.0854145
7.882,8.299172,-4.780333,0.4751325
7.884,12.088854,-6.3541765,0.204441
7.885,13.708212,-6.217633,0.856017
7.887,10.80247,-3.371779,2.6598284
8.075,7.8392367,-1.8266815,3.035922
8.077,5.700055,-2.068627,2.920938
8.078,5.594653,-0.9403465,3.021549
8.08,9.123224,-2.126119,1.8405675
8.081,11.8013935,-5.2235007,0.5661615
8.082,8.651311,-3.343033,-0.748968
8.084,6.2773705,-2.974126,0.2499555
8.086,9.3388195,-5.839144,3.0431085
8.088,14.549032,-4.837825,1.3039755
8.09,14.153774,1.471922,-0.0806235
8.272,11.240847,0.98324,1.7974485
8.274,13.871105,-4.976764,3.6707294
8.275,13.056636,-7.194997,3.783318
8.276,9.369961,-7.424965,3.8767426
8.278,8.260844,-7.405801,3.749781
8.279,7.6428056,-7.410592,4.157016
8.28,6.7995896,-7.8872967,4.6576753
8.281,6.744493,-7.4800615,4.2456493
8.283,5.8126435,-8.234644,3.3928516
8.284,3.9633174,-8.395143,2.667015
8.471,1.69957,-5.7313466,2.484957
8.473,-0.8947565,-4.804288,3.165279
8.475,-2.320079,-5.1180987,2.0944905
8.476,-2.6386805,-5.5636616,-0.7849005
8.477,-1.9008665,-7.841782,-2.967201
8.479,2.149924,-10.860112,-3.379227
8.48,7.175683,-12.369277,-3.0941625
8.481,9.547228,-11.142781,-1.745496
8.482,10.845589,-10.951141,-0.8423925
8.484,10.289833,-10.702009,0.0056145
8.674,8.121905,-9.38688,2.585568
8.675,8.0021305,-8.914966,3.9486074
8.676,8.792645,-9.77495,2.7891855
8.677,8.102741,-10.661285,2.2094746
8.679,8.239285,-11.114035,2.6694105
8.68,9.640653,-11.310466,3.5461636
8.682,10.713837,-11.669791,4.12827
8.684,11.545075,-12.201592,3.9629805
8.685,12.534416,-12.007557,3.079041
8.688,13.152455,-11.427846,1.5674804
8.888,8.632147,-1.158337,4.4324985
8.894,12.651796,-1.5296395,7.874832
8.895,13.521362,-2.863933,7.357404
8.922,10.289833,-5.4295135,7.606536
8.924,8.028481,-6.9051414,9.51575
8.982,8.711199,-6.754225,9.939753
8.985,9.305283,-6.9099326,8.533594
8.986,7.3122263,-7.5950456,6.7561336
9.115,4.6484303,-8.0454,5.8793807
9.116,3.151243,-7.2213473,5.776374
9.118,2.116387,-6.1002536,4.818174
9.119,0.822817,-5.0893526,2.4490244
9.12,-0.8324735,-4.162294,0.2978655
9.122,-1.879307,-4.483291,0.108621
9.123,-1.529564,-4.7348185,0.903927
9.303,-0.355769,-4.727632,1.2896025
9.305,0.257479,-4.1886444,1.454892
9.306,1.1174635,-4.195831,2.135214
9.308,4.401694,-5.1851726,2.9089606
9.311,8.478835,-6.7662024,3.141324
9.312,10.773724,-7.5615087,2.781999
9.314,10.13173,-7.559113,3.26589
9.316,8.864511,-8.431075,3.9150705
9.318,7.558963,-9.647989,4.161807
9.319,5.848576,-10.450481,4.070778
9.737,8.735153,-16.489536,-8.936787
9.738,10.665927,-15.104938,-8.960742
9.74,10.613226,-12.982525,-9.049376
9.741,11.427695,-12.901078,-9.729697
9.742,11.923564,-11.051752,-10.311804
9.744,15.078438,-13.205306,-11.497577
9.745,17.73265,-15.251063,-12.436612
9.926,22.504488,-14.228185,-13.943382
9.927,28.72081,-9.676735,-14.053575
9.928,29.39155,-8.124451,-9.027816
9.93,37.255978,-18.758076,-5.2213664
9.933,45.76719,-25.913433,-3.446301
9.935,36.79604,-21.4602,1.454892
9.937,39.481396,14.604053,2.346018
9.938,21.191753,4.729802,19.722975
9.939,20.717445,-28.732937,13.346154
9.94,15.488068,-11.025401,15.284114
10.125,13.140478,-2.011135,14.678052
10.127,10.050283,-3.587374,9.59001
10.129,7.54459,-8.280158,4.8109875
10.131,4.784974,-8.821542,1.191387
10.133,4.004041,-10.929582,0.96621
10.135,3.898639,-8.117265,4.0108905
10.137,4.138189,-4.57432,6.90705
10.139,2.5499725,-5.173195,7.994607
10.14,1.9798435,-6.15535,8.15271
10.141,1.455229,-5.604385,8.586295
10.144,-0.044354,-5.2282915,7.8293176
10.338,-0.317441,-5.5828257,7.1633687
10.34,0.0969805,-4.2461367,6.844767
10.341,-1.0863965,-3.558628,6.988497
10.342,-2.023037,-3.261586,6.6315675
10.344,-2.061365,-3.448435,5.7500234
10.345,-2.665031,-3.390943,5.067306
10.347,-3.1800635,-3.5274866,4.8061967
10.348,-3.302234,-3.774223,4.4516625
10.349,-3.771752,-3.352615,4.4756174
10.352,-4.1718006,-3.4316666,5.0649104
10.54,-4.595804,-4.1598983,5.417049
10.541,-3.9322505,-4.468918,5.2038493
10.543,-3.211205,-3.898789,4.4947815
10.544,-3.005192,-1.9129195,3.1197646
10.545,-1.5319595,-0.200137,1.886082
10.546,0.382045,-0.02287,1.4381235
10.548,1.330663,0.2047025,0.6476085
10.549,0.26227,1.332983,-0.3441285
10.552,-1.946381,2.315138,-0.480672
10.554,0.108958,0.5975645,0.1972545
10.74,4.1262116,-1.464961,0.5996985
10.741,4.3274336,-3.146602,-0.2530995
10.743,-0.2000615,-5.4103494,-1.089129
10.744,-3.3717034,-7.2165565,-0.3537105
10.745,-3.3812854,-8.054981,1.3087665
10.747,-3.8460126,-8.879033,2.484957
10.748,-5.309663,-10.82418,0.956628
10.75,-8.157912,-12.141705,-1.3598205
10.752,-9.99047,-14.721658,-1.1873446
10.754,-6.5960464,-15.984086,1.3806314
10.936,-2.7392914,-13.866465,2.7700214
10.938,-2.3799665,-13.260403,3.400038
10.939,-7.0655646,-15.442703,3.754572
10.94,-12.323687,-15.804424,4.506759
10.941,-8.543588,-17.268074,5.196663
10.943,-3.7022824,-18.904202,8.591086
10.944,0.286225,-15.382816,11.05366
10.945,3.0674005,-16.31227,11.860944
10.946,1.8983965,-16.884794,11.690864
10.947,2.0517085,-12.160869,10.35657
11.206,3.7812595,-8.579596,4.4133344
11.38,6.8235445,-7.73638,3.7090576
11.382,8.378224,-7.7771034,2.9281244
11.384,8.2848,-8.596365,2.801163
11.385,8.704012,-7.343518,2.4681885
11.386,9.906553,-5.4199314,2.010648
11.388,11.267197,-6.323035,1.133895
11.389,12.297262,-6.907537,0.5996985
11.39,11.777438,-6.6176815,0.520647
11.391,10.136521,-6.672778,1.3997955
11.568,9.281327,-6.217633,1.9938796
11.57,9.887389,-5.2570376,2.0178344
11.571,10.141312,-5.211523,1.5339435
11.573,9.058546,-5.058211,1.119522
11.575,7.669156,-4.900108,1.258461
11.577,6.8139625,-4.689304,1.2129465
11.579,6.6750236,-4.579111,1.2081555
11.58,6.998416,-4.1838536,0.6428175
11.581,7.3649273,-4.028146,0.281097
11.583,8.268031,-3.8868115,0.2451645
11.768,9.599929,-3.635284,-0.102183
11.77,10.177244,-3.8532746,0.223605
11.771,10.067052,-4.1886444,0.8967405
11.773,9.906553,-4.6725354,1.215342
11.776,9.913739,-5.3816037,1.5004065
11.777,10.646763,-6.476347,1.373445
11.779,10.665927,-7.137505,1.5866445
11.781,8.701616,-6.2727294,2.494539
11.783,6.313303,-5.618758,3.4503436
11.784,5.211373,-4.981555,3.754572
11.968,6.4642196,-4.9264584,3.577305
11.97,8.924398,-6.2344017,3.208398
11.971,8.773481,-6.8572316,3.4359705
11.974,6.792403,-6.548212,4.2935596
11.975,6.533689,-6.3877134,4.3606334
11.977,6.92176,-6.078694,3.653961
11.978,6.39475,-6.0188065,3.4120154
11.98,5.838994,-5.8990316,3.1724656
11.981,5.6353765,-5.8607035,3.011967
11.982,5.494042,-6.064321,2.73888
12.168,5.43655,-6.25117,2.504121
12.17,5.6162124,-6.1481633,2.096886
12.172,6.025843,-6.040366,1.910037
12.174,6.2150874,-5.9756875,1.991484
12.176,6.112081,-5.575639,2.1088636
12.177,6.174364,-5.0318604,1.9411784
12.179,7.1134,-5.163613,1.7591205
12.181,8.610587,-5.407954,1.15785
12.182,9.072919,-5.4678416,1.2416925
12.183,8.323128,-5.154031,1.8453585
12.368,7.9446387,-4.7635646,2.0465806
12.37,8.833369,-4.444963,1.890873
12.371,9.690958,-4.646185,1.7830755
12.374,9.09927,-4.71805,2.2525935
12.375,9.357984,-5.412745,2.518494
12.377,10.962969,-6.270334,1.919619
12.379,11.552261,-7.132714,1.1027535
12.38,10.649158,-8.402329,0.2355825
12.382,9.525668,-9.202426,0.142158
12.383,8.500395,-8.522104,0.688332
12.568,7.774558,-7.2405114,1.224924
12.57,7.16131,-6.6655917,1.167432
12.571,7.2978535,-6.768598,0.688332
12.574,8.040459,-6.610495,-0.111765
12.576,8.418947,-6.7614117,-0.595656
12.578,8.306359,-6.021202,-0.581283
12.579,8.356665,-5.00551,-0.0039675
12.581,8.895652,-5.288179,0.3888945
12.582,9.202276,-5.412745,0.362544
12.583,9.216649,-5.163613,0.3122385
12.768,9.516087,-5.992456,0.228396
12.77,9.67419,-6.380527,-0.145302
12.772,8.991472,-5.7121825,-0.3249645
12.775,8.344687,-5.786443,-0.2291445
12.776,8.153047,-5.8511214,-0.1237425
12.778,7.755394,-5.843935,0.118203
12.78,7.5853133,-5.7409286,0.1828815
12.781,7.8631916,-5.7361374,0.127785
12.783,8.21533,-5.604385,-0.015945
12.784,8.188979,-4.914481,-0.1237425
12.787,8.02369,-4.4569407,-0.0566685
12.981,8.52914,-4.133548,0.0631065
12.983,9.425057,-3.5274866,-0.0758325
12.984,9.837084,-3.7862005,0.1972545
12.986,9.638257,-4.0401235,0.812898
12.987,9.55681,-3.4747856,1.200969
12.988,10.050283,-3.558628,1.4141685
12.989,12.199046,-5.3145294,1.3662585
12.99,12.347568,-7.2261386,1.8405675
12.991,8.220121,-6.438019,4.851711
12.992,7.0678854,-4.780333,6.978915
13.18,10.4120035,-4.852198,6.8615355
13.182,11.997825,-5.623549,5.378721
13.184,9.429849,-5.2187095,4.2791867
13.185,6.548062,-4.694095,3.309009
13.186,4.971823,-4.9264584,2.7556486
13.188,3.726163,-4.282069,2.360391
13.189,2.8470144,-2.667502,2.810745
13.19,3.8818705,-1.3236265,2.916147
13.192,6.6893964,-0.937951,2.360391
13.195,8.821391,-1.1846875,1.727979
13.381,10.943805,-1.6733695,0.832062
13.382,13.86871,-2.260267,-1.1298525
13.384,14.841283,-2.518981,-2.444982
13.386,14.160961,-3.4077115,-2.1311715
13.387,14.201685,-4.674931,-1.635303
13.388,14.196894,-4.9887414,-1.098711
13.39,13.071009,-5.1420536,-0.519
13.391,10.522197,-4.7827287,0.4320135
13.393,7.7386255,-3.71194,1.4237505
13.395,4.990987,-3.2448175,1.9411784
13.58,2.9619985,-3.2831454,2.7891855
13.581,3.151243,-3.08911,3.2826586
13.583,7.3313904,-5.518147,2.8514686
13.585,9.398707,-7.9399977,3.0335264
13.587,6.509734,-6.4452057,4.592997
13.588,8.541118,-7.180624,5.42184
13.59,10.809656,-6.8524404,5.4194446
13.592,10.093402,-7.966348,5.85303
13.594,9.357984,-8.419098,5.1846857
13.596,7.808095,-4.8210564,3.3593144
13.822,8.035667,-6.318244,5.603898
13.823,8.526745,-6.524257,5.354766
13.824,8.363851,-6.7374563,4.8301516
13.826,7.817677,-5.824771,4.267209
13.85,6.8379173,-4.641394,3.869556
13.852,5.9707465,-4.1263614,3.6946845
14,6.083335,-4.23895,3.6467745
14.001,7.9446387,-5.618758,3.088623
14.002,10.177244,-7.3794503,2.350809
14.004,10.598852,-7.434547,2.556822
14.005,9.935299,-5.9469414,3.4599254
14.007,9.504109,-5.168404,3.9486074
14.008,9.468177,-5.374417,3.4407616
14.01,9.422662,-5.566057,3.524604
14.191,9.592743,-5.4678416,4.3462605
14.193,9.702935,-5.1228895,5.7500234
14.196,9.5089,-5.0366516,6.471069
14.198,8.79025,-4.809079,6.4447184
14.2,8.500395,-5.0797706,6.2195415
14.2,9.60472,-5.187568,6.4590917
14.201,11.180959,-4.4329853,7.223256
14.202,11.652872,-3.6424706,7.6664233
14.204,11.236055,-3.620911,7.256793
14.206,10.843193,-3.6616344,6.878304
14.392,10.862357,-3.031618,7.2160697
14.394,11.070766,-2.437534,7.43406
14.396,10.895894,-2.4207654,6.595635
14.398,9.683771,-2.959753,5.522451
14.399,8.361456,-2.1189325,5.814702
14.4,7.8488183,-1.1319865,6.547725
14.402,7.87996,-1.321231,5.7260685
14.403,6.8139625,-2.0614405,4.597788
14.404,5.2616787,-2.0901866,4.147434
14.405,3.5417094,-1.211038,4.147434
14.592,1.2037015,-0.59779,4.406148
14.594,-0.6025055,-0.6576775,5.225409
14.596,-1.275641,-0.6864235,6.0901847
14.598,-1.3211555,-1.0936584,6.3057795
14.599,-1.227731,-2.2147524,5.656599
14.6,-1.682876,-2.739367,4.391775
14.602,-2.03741,-3.180139,3.644379
14.604,-1.136702,-3.323869,3.1006005
14.605,-0.8228915,-2.581264,3.64917
14.606,-1.6373615,-0.698401,4.329492
14.791,-0.8228915,-0.252838,4.578624
14.794,1.1510005,-3.515509,4.698399
14.796,2.619442,-8.409515,4.6960034
14.797,3.6327386,-6.5458164,4.3654246
14.798,1.824136,-6.2152376,4.1642027
14.8,-0.815705,-9.734227,4.094733
14.801,-1.0528595,-12.345322,4.257627
14.802,1.0408075,-15.30616,4.3318877
14.804,3.4985905,-15.749328,3.4647164
14.805,4.234009,-19.035954,3.3545234
14.992,3.132079,-23.165796,3.069459
14.994,1.2468204,-18.552063,-0.150093
14.997,0.037093,-15.612784,-4.44762
14.998,4.358575,-16.992592,-8.203764
15,9.1280155,-21.659025,-9.748861
15.002,10.251505,-19.316227,-10.951403
15.003,11.353435,-15.174408,-11.013685
15.005,16.740915,-15.921803,-8.333121
15.006,19.196302,-16.09907,-6.0070906
15.007,18.80344,-13.071158,-6.4957724
15.449,7.659574,-1.991971,2.59515
15.45,6.9385285,-3.285541,5.1271935
15.452,7.348159,0.829928,4.2264857
15.453,5.3622894,-0.506761,5.4146533
15.455,5.968351,0.221471,5.354766
15.456,4.650826,-1.3092535,5.675763
15.458,5.3335433,-1.3092535,6.9477735
15.46,5.240119,1.2707,7.501134
15.463,3.5369184,1.160507,9.338483
15.645,3.031468,1.869575,10.778178
15.647,3.2686224,2.7966335,11.216555
15.648,1.943911,0.7412945,11.659722
15.649,0.6287815,1.649189,11.269256
15.65,0.6096175,3.6877594,11.034496
15.652,1.4528335,3.493724,10.708709
15.653,0.947383,2.267228,9.362437
15.654,0.099376,2.075588,8.837823
15.656,0.2982025,3.968033,8.282067
15.658,1.167769,4.3345447,8.528804
15.719,0.9881065,4.633982,6.801648
15.721,0.046675,3.3523896,5.287692
15.786,0.324553,4.2003965,5.330811
15.83,1.4815795,5.558645,5.378721
15.832,1.1557915,5.189738,4.1785755
15.833,0.616804,5.00768,3.107787
15.842,0.8395855,5.1538057,3.356919
15.844,1.6588465,5.48678,3.323382
15.845,0.664714,6.032954,2.4921434
15.917,0.180823,5.3550277,1.943574
15.919,1.2851485,4.327358,2.8083496
15.921,1.9367245,4.7226157,3.9102795
15.922,2.068477,5.089127,4.736727
15.957,2.4876895,5.6329055,4.9451356
15.959,2.854201,4.341731,4.9499264
16.008,2.7368214,2.966714,5.6302485
16.009,2.552368,3.6446404,6.796857
16.089,3.80761,3.5104926,8.028144
16.091,4.085488,2.310347,8.20062
16.092,3.678253,1.155716,8.140733
16.094,3.3596516,-0.0156835,8.842614
16.161,3.6471114,-0.6193495,10.064319
16.163,4.099861,-0.45406,11.240509
16.164,4.200472,-0.2073235,12.222665
16.166,3.8674974,-2.202775,12.613131
16.167,4.5047007,-3.0340135,14.124692
16.242,5.86774,-3.266377,15.207458
16.244,6.2773705,-3.596956,15.724886
16.245,6.112081,-4.397053,15.274531
16.247,6.083335,-4.2940464,14.16781
16.443,5.5491385,-3.285541,12.871845
16.444,4.7729964,-2.0710225,12.023838
16.446,4.5238643,-1.8985465,11.511201
16.447,5.3191705,-1.9033375,10.533837
16.448,6.4402647,-2.70583,10.004432
16.449,7.659574,-3.755059,9.2618265
16.451,8.301568,-4.6342077,8.291649
16.454,8.490812,-4.7827287,7.1250405
16.456,8.227307,-4.4425673,6.4590917
16.457,8.210539,-3.884416,5.7787695
16.642,8.121905,-3.9251394,5.5583835
16.643,8.210539,-3.961072,5.3284154
16.645,8.471648,-3.5706055,4.7774506
16.646,8.512372,-4.416217,4.0779643
16.647,8.095555,-3.865252,3.69708
16.648,7.8152814,-3.7670364,3.562932
16.65,7.750603,-3.5945604,3.146115
16.651,7.4559565,-3.836506,2.93052
16.653,7.5613585,-4.0736604,2.8897965
16.654,8.481231,-4.1790624,2.901774
16.842,9.841874,-3.9059756,2.8131404
16.844,10.503033,-4.296442,3.3449416
16.845,10.68509,-4.7012815,3.4934626
16.846,10.785702,-3.0412,3.5317905
16.848,10.031119,-3.017245,4.2456493
16.85,10.318579,-2.1668425,4.487595
16.851,9.983209,-2.552518,5.033769
16.852,9.762823,-3.941908,4.444476
16.854,8.668079,-4.0161686,4.592997
16.856,6.8906183,-4.5431786,4.7247496
17.032,6.6750236,-3.85567,4.0060997
17.033,6.696583,-3.716731,3.4790895
17.035,6.754075,-5.269015,3.2491214
17.038,7.1541233,-5.0653973,3.0239446
17.04,7.118191,-4.559947,2.64306
17.041,7.6571784,-4.3467474,2.599941
17.042,8.409366,-3.8963935,2.2430115
17.043,8.375829,-4.1167793,1.6441365
17.044,8.447694,-4.23895,1.153059
17.046,8.622565,-3.8436925,0.5086695
17.231,8.450089,-3.6712165,0.2020455
17.232,8.1075325,-3.9994,0.611676
17.234,8.447694,-4.4904776,0.808107
17.236,9.219045,-5.4055586,0.8632035
17.238,9.667003,-5.982874,1.1314995
17.24,9.777196,-6.58654,1.339908
17.241,9.820315,-6.610495,1.713606
17.243,10.292229,-6.3254304,1.933992
17.244,10.744978,-6.63445,2.4059055
17.246,10.567711,-6.461974,2.7556486
17.491,7.870378,-2.37046,0.8344575
17.676,7.7769537,-1.757212,0.6140715
17.678,7.697902,-1.8027265,0.683541
17.679,8.040459,-1.5104755,0.635631
17.681,7.7769537,-1.0361665,0.616467
17.683,7.2691073,-1.7739805,1.177014
17.685,8.210539,-3.362197,1.795053
17.686,8.490812,-5.6498995,3.6611476
17.688,10.186827,-5.728951,4.1929483
17.689,14.053164,-6.097858,5.0792837
17.869,14.905961,-8.134033,2.8850055
17.87,10.603643,-4.742005,3.02634
17.872,7.6044774,-0.736729,6.528561
17.874,10.143707,-5.939755,5.7691875
17.875,11.80858,-4.9935327,5.1942673
17.877,8.845346,-4.076056,6.0614386
17.878,7.899124,-6.7853665,5.005023
17.879,7.573336,-3.084319,3.471903
17.881,6.3061166,-0.037243,2.705343
17.884,6.68221,-1.417051,2.9904075
18.069,8.330314,-1.0601215,2.88261
18.07,8.766295,-2.121328,3.347337
18.072,7.994944,-3.687985,4.0156813
18.074,6.907387,-3.266377,5.0265827
18.075,5.8845086,-4.837825,6.0662293
18.076,5.3239617,-6.0235977,5.7356505
18.078,4.5669837,-5.1612177,5.402676
18.079,4.4376264,-5.7169733,4.9307623
18.082,5.0556655,-6.2535653,4.152225
18.084,5.700055,-7.1638556,3.9629805
18.269,7.0295577,-7.194997,4.339074
18.271,8.517163,-7.836991,4.731936
18.272,9.420266,-8.656252,4.5618553
18.274,10.2012,-6.658405,4.99065
18.275,9.920926,-6.9530516,6.1764226
18.276,9.065733,-6.5841446,6.231519
18.278,6.1575956,-3.668821,5.498496
18.28,3.7908416,-2.6794796,5.196663
18.282,4.0112276,-3.956281,4.5379004
18.284,7.357741,-6.2823114,3.1580925
18.469,9.453803,-6.7709937,3.4742985
18.471,10.656344,-7.204579,5.431422
18.472,13.79445,-8.028631,4.928367
18.474,13.480639,-8.891011,3.4982536
18.475,10.519801,-7.789081,3.8432055
18.476,10.797679,-6.2104464,5.201454
18.478,12.989561,-7.1207366,6.1045575
18.48,13.408774,-6.739852,5.6302485
18.482,12.848227,-6.840463,5.460168
18.484,13.861524,-7.056058,6.130908
18.669,15.334756,-5.4630504,6.2099595
18.67,14.529868,-4.9025035,4.779846
18.672,12.637423,-4.933645,2.5831726
18.673,11.147422,-3.1777434,2.1903105
18.674,10.220364,-1.287694,2.940102
18.676,9.633466,0.197516,2.6358736
18.678,8.754317,1.0910375,1.833381
18.681,7.745812,1.936649,2.111259
18.683,7.8056993,1.903112,2.149587
18.684,8.21533,0.326873,1.795053
18.869,7.376905,-1.0074205,2.058558
18.87,5.599444,-2.212357,2.9808254
18.871,4.550215,-2.403997,3.673125
18.873,4.0064363,-2.6411514,3.9486074
18.874,3.9824815,-3.61612,3.883929
18.876,3.9489446,-4.2365546,3.227562
18.878,3.697417,-4.516828,2.7364845
18.88,2.926066,-3.7287085,2.566404
18.882,1.627705,-4.066474,2.3532045
18.883,0.4658875,-4.880944,2.839491
19.069,0.152077,-3.687985,2.480166
19.07,0.386836,-3.438853,2.614314
19.071,0.9593605,-6.5026975,3.4311795
19.073,2.7751496,-9.441976,3.5557456
19.074,3.357256,-9.638407,4.4181256
19.076,2.772754,-11.013424,6.279429
19.078,3.251854,-13.871256,6.7273874
19.081,3.333301,-16.101465,5.311647
19.083,2.94523,-13.468811,5.498496
19.085,2.7799406,-16.17333,4.7295403
19.088,0.1544725,-18.55925,0.5278335
19.277,20.449148,-18.269394,-6.6011744
19.282,19.100483,-29.07789,-0.590865
19.304,22.703314,-21.735682,-0.8663475
19.306,17.917105,-13.444857,2.575986
19.336,14.410093,-19.912706,11.590253
19.337,10.776119,-12.045884,0.4751325
19.508,21.826561,-4.3132105,12.134031
19.509,11.624126,-38.61677,16.92024
19.511,13.372842,11.341382,21.613024
19.513,8.780668,13.372766,19.313345
19.515,7.079863,-8.251412,14.232489
19.516,4.04716,-8.462216,8.123964
19.517,2.557159,-3.841297,3.4838805
19.518,3.112915,-3.8101554,1.895664
19.52,3.99925,-3.4412484,1.574667
19.706,2.7464035,-4.1407347,3.1964204
19.707,1.201306,-4.9983234,4.904412
19.709,1.493557,-6.2104464,6.09258
19.711,2.1139915,-6.342199,6.2866154
19.712,1.086322,-4.7923107,5.1990585
19.714,-0.2479715,-6.6080995,5.42184
19.715,0.640759,-5.633131,5.412258
19.716,0.7150195,-3.8245285,4.5953927
19.718,-0.0898685,-3.8580656,4.291164
19.719,0.07063,-4.277278,4.3941703
19.907,0.1161445,-5.1468444,4.4947815
19.909,-0.341396,-5.0558157,4.1258745
19.91,-0.6456245,-4.171876,3.620424
19.912,-1.74995,-3.2160716,3.69708
19.914,-1.936799,-3.5179045,4.966695
19.915,-0.4300295,-3.5658145,4.832547
19.917,-0.485126,-2.6124055,4.1785755
19.918,-2.2122815,-3.3454285,4.6912127
19.92,-1.668503,-3.477181,5.0313735
19.922,-0.4204475,-3.4556215,5.124798
20.094,-0.5522,-3.3262644,4.952322
20.095,-1.040882,-2.4543025,4.592997
20.097,-2.5907705,-1.7452345,5.6015024
20.099,0.4754695,-1.5583855,6.054252
20.101,3.879475,-1.9560385,6.3345256
20.103,1.6971745,-2.2003796,7.798176
20.105,3.80761,-4.1311526,7.1298313
20.107,4.86163,-5.058211,7.0867124
20.108,5.700055,-3.6520524,8.959993
20.11,5.7024503,-2.140492,10.572165
20.159,6.8618727,-4.464127,9.702599
20.16,8.3183365,-6.5601897,8.279672
20.162,8.117114,-4.703677,11.31477
20.214,6.993625,-1.9464566,14.352264
20.216,8.117114,-3.5514414,11.300397
20.218,9.633466,-4.2557187,9.5253315
20.337,10.208386,-1.89136,14.117505
20.338,8.627356,-1.258948,14.136669
20.34,8.833369,-4.315606,10.4931135
20.341,9.357984,-3.386152,11.28842
20.343,8.749526,-4.464127,10.215236
20.345,8.91242,-0.98107,7.9203467
20.531,9.834688,2.712791,7.438851
20.532,10.34493,3.6662,6.5357475
20.534,11.111489,4.552535,4.554669
20.536,12.5967,4.509416,3.8479965
20.537,13.780076,4.111763,4.4851995
20.538,14.446026,6.789932,6.039879
20.54,13.655511,7.7265725,7.079526
20.541,11.8540945,3.321248,7.7047515
20.543,11.046811,-0.372613,7.0340114
20.545,10.6755085,-2.9573574,5.982387
20.73,10.325766,-4.1646895,4.722354
20.732,8.924398,-3.3406374,3.64917
20.733,7.333786,-0.8061985,3.0910184
20.735,7.0535126,1.055105,2.1759374
20.737,7.7098794,2.1067295,0.913509
20.738,8.117114,1.697099,0.5805345
20.739,7.947034,1.9390445,0.3505665
20.74,7.851214,1.6563755,0.2260005
20.742,7.966198,1.615652,0.0391515
20.744,8.04525,1.692308,-0.1093695
20.93,8.083577,1.7234495,-0.0231315
20.932,8.603401,1.6036745,0.070293
20.934,9.619093,1.409639,-0.078228
20.936,9.803547,1.3593335,0.05592
20.937,8.989077,1.352147,0.812898
20.938,8.629751,1.4647355,1.775889
20.939,10.349721,1.5366005,2.3436224
20.941,12.999144,-0.104317,2.571195
20.944,14.616106,-1.690138,2.6119184
20.946,14.958662,-1.723675,2.0226254
20.984,14.3166685,-2.2626624,1.747143
20.986,11.648082,-3.3933384,2.0992815
21.138,9.384334,-3.702358,2.317272
21.14,9.417871,-3.5610235,1.9172235
21.142,10.601248,-3.937117,1.387818
21.144,10.191618,-3.6185155,1.54113
21.146,8.208143,-2.255476,1.5962265
21.147,7.266712,-2.360878,1.2608565
21.149,7.97578,-3.5418594,1.138686
21.15,9.298096,-3.802969,0.9446505
21.331,9.827501,-3.223258,0.314634
21.333,9.367565,-2.950171,0.0487335
21.335,9.032195,-3.7909915,0.415245
21.337,9.2957,-3.8963935,0.587721
21.339,9.36517,-2.782486,0.6044895
21.341,8.977099,-3.3550105,1.8022395
21.343,8.179398,-3.577792,1.7926575
21.345,7.3649273,-2.1333055,2.1136546
21.347,7.9925485,-1.517662,2.1328185
21.348,9.487341,-2.394415,1.4716605
21.619,20.008377,-2.1620514,-3.1756096
21.754,15.4952545,1.256327,-2.789934
21.756,14.328646,0.0849275,-1.127457
21.758,13.303372,-1.805122,-0.2674725
21.759,11.775043,-1.4481925,0.4224315
21.761,11.154609,1.1389475,0.3793125
21.762,9.758032,4.6124225,-0.4159935
21.763,8.579446,0.671825,-1.14183
21.949,6.9481106,-2.0374856,-0.011154
21.951,3.8147964,1.5461825,0.2834925
21.952,2.815873,2.540315,-1.151412
21.954,3.0003264,-0.061198,-0.954981
21.956,3.4219346,0.2861495,-0.030318
21.957,5.0365014,-0.880459,2.97843
21.959,8.347082,1.792919,2.3771596
21.96,11.849303,3.220637,3.495858
21.961,13.978903,1.419221,4.7439137
21.963,13.91662,0.417902,6.2051687
22.138,14.831701,0.508931,6.9286094
22.141,16.736124,1.17488,6.2243323
22.143,16.245047,1.011986,6.0614386
22.145,14.479563,-0.5283205,7.156182
22.147,14.125029,-0.367822,8.940829
22.148,13.219529,2.6864405,10.145766
22.15,10.380862,0.571214,8.842614
22.151,8.272822,1.2970505,8.0832405
22.152,6.0090747,4.351313,9.010299
22.154,5.048479,4.4495287,9.041441
22.201,5.369476,3.8362806,7.836504
22.202,9.113643,2.8637075,6.8902817
22.204,13.976507,3.747647,5.3715343
22.358,16.731333,5.2400436,3.994122
22.36,17.433214,5.060381,3.4790895
22.362,18.400995,3.944078,2.758044
22.364,19.11725,2.3175335,2.5640085
22.367,18.264452,2.89964,2.69097
22.368,15.799483,2.708,1.34949
22.37,13.284208,1.1102015,0.894345
22.371,12.486506,-0.104317,1.0979625
22.4,11.640895,-0.7295425,1.5578985
22.402,9.683771,-1.2565525,2.0130434
22.558,7.49668,-1.9177105,1.6489275
22.56,4.976614,-1.8314725,1.3806314
22.562,2.744008,-1.1607325,1.421355
22.564,1.095904,-1.1703146,1.622577
22.565,0.2982025,-1.7835625,2.0369985
22.567,-0.1138235,-2.3824375,2.250198
22.568,-0.9235025,-2.782486,2.657433
22.57,-1.0672325,-4.1215706,3.749781
22.759,0.329344,-4.5527606,4.525923
22.76,1.493557,-4.6964903,4.7295403
22.762,-0.561782,-3.3358464,4.60737
22.764,-2.9069765,-4.200622,5.0409555
22.766,-3.52262,-7.1973925,5.5200553
22.768,-3.6352086,-5.752906,6.4351363
22.769,-0.8851745,-4.229368,7.6328864
22.771,2.456548,-5.043838,7.740684
22.772,2.0469174,-9.300641,8.023353
22.774,0.7198105,-8.677812,8.689302
22.956,0.295807,-4.751587,6.897468
22.958,1.186933,-4.032937,4.9211807
22.96,1.474393,-7.506412,4.640907
22.962,5.034106,-11.765611,5.18229
22.965,6.9576926,-4.636603,4.60737
22.967,4.440022,-3.366988,3.131742
22.969,5.43655,-8.900593,1.15785
22.971,7.731439,-9.235963,1.095567
22.972,7.9063106,-8.160383,2.034603
22.973,9.422662,-9.178471,1.0548435
22.999,8.689639,-10.941559,-1.76466
23.001,11.798998,-12.374068,-4.433247
23.156,14.4747715,-11.68656,-4.6129093
23.157,15.313196,-12.378859,-6.0550003
23.158,14.405302,-11.389518,-8.038474
23.16,16.417522,-9.353342,-9.688974
23.161,18.59024,-9.854002,-10.34055
23.163,20.832428,-10.618167,-11.037641
23.165,22.66259,-9.477908,-11.614956
23.166,24.873636,-7.856155,-12.788751
23.377,46.2391,-20.557096,-12.966018
23.382,52.647064,33.05659,4.41573
23.406,29.556839,32.366684,14.052827
23.408,24.50473,-2.796859,10.411667
23.447,16.990046,3.47456,14.081573
23.45,16.405544,-2.001553,11.194995
23.452,13.679465,1.189253,7.9490924
23.594,11.787021,1.481504,6.3345256
23.596,9.458594,0.259799,4.41573
23.597,7.7482076,2.8301704,2.954475
23.598,7.7769537,6.9073114,3.467112
23.6,7.6715517,6.004208,5.115216
23.601,7.261921,9.875336,6.030297
23.602,4.727482,8.442827,7.831713
23.603,4.535842,2.0636106,7.697565
23.794,5.0844116,2.5139644,4.406148
23.795,2.7559855,2.137871,2.777208
23.797,0.8635405,5.242439,2.077722
23.798,0.841981,3.7212965,3.941421
23.799,0.525775,3.891377,3.735408
23.801,0.3077845,5.328677,2.9951985
23.802,1.105486,4.681892,3.2060025
23.804,-1.0049495,5.7239347,1.3518856
23.806,-2.5476515,6.6773434,0.3793125
23.808,-0.930689,7.125302,1.009329
23.992,0.085003,6.6533885,-0.883116
23.994,-0.619274,5.846105,-2.1263804
23.995,-0.370142,5.932343,-1.5083416
23.997,1.7786216,5.3454456,0.7146825
23.998,3.481822,3.9321005,2.2190566
23.999,2.863783,3.541634,1.7016284
24,1.8313226,3.5057015,1.2416925
24.002,2.154715,4.5788856,1.8765
24.004,3.2877865,4.1860237,3.4072244
24.006,4.5094914,2.693627,4.5187364
24.189,4.291501,1.275491,5.814702
24.191,4.262755,0.7412945,7.644864
24.194,4.732273,0.801182,8.969576
24.196,5.5060196,-1.9225014,9.338483
24.197,4.8352795,-5.3528576,10.814111
24.199,4.243591,-4.1167793,12.476587
24.201,4.8065333,-4.0401235,14.16781
24.202,4.9358907,-5.7265553,14.852923
24.205,4.272337,-5.00551,15.355979
24.207,4.2268224,-5.834353,16.354902
24.234,4.435231,-6.667987,17.600561
24.236,4.0351825,-7.223743,17.406527
24.394,3.544105,-6.0523434,17.93114
24.395,3.826774,-6.4691606,17.902395
24.397,4.085488,-7.175833,17.487974
24.398,4.051951,-5.091748,16.56331
24.4,4.0351825,-6.485929,15.705722
24.401,3.9920635,-6.160141,13.741411
24.403,3.3213234,-3.889207,11.642954
24.405,2.2433486,-2.835187,9.288177
24.586,2.1475284,-3.4604125,7.266375
24.588,3.2782044,-4.2078085,5.2134314
24.589,4.2938967,-5.590012,3.960585
24.591,5.513206,-5.4295135,4.2504406
24.592,7.697902,-4.2509274,5.7093
24.594,9.367565,-5.6786456,5.766792
24.595,10.308997,-7.3531,4.0635915
24.596,9.889785,-6.816508,2.686179
24.598,9.477758,-6.227215,2.1040726
24.6,11.276779,-7.3123765,2.1136546
24.786,14.532264,-8.078937,1.10994
24.788,16.089338,-7.9591613,0.7769655
24.789,13.79445,-6.5218616,1.296789
24.791,12.493693,-5.503774,2.54724
24.792,13.312954,-4.555156,2.6885746
24.794,11.564239,-4.28686,2.7796035
24.796,8.299172,-3.908371,2.5544264
24.797,5.776711,-3.309496,1.30158
24.799,4.3178515,-3.3358464,0.53502
24.801,4.1070476,-3.175348,1.7016284
25.06,7.3074355,-4.6150436,2.6885746
25.223,8.203353,-4.128757,0.7721745
25.226,8.102741,-3.7382905,-0.0470865
25.228,7.175683,-2.380042,0.5517885
25.23,6.9337373,-1.0122114,0.702705
25.231,6.0426116,-0.59779,0.554184
25.232,4.641244,-0.9882565,0.7194735
25.233,4.253173,-1.876987,1.023702
25.235,4.4567904,-2.9669394,1.1889915
25.237,4.741855,-3.683194,1.727979
25.42,5.038897,-3.764641,2.168751
25.422,5.7216144,-3.9778404,2.283735
25.424,6.370795,-4.938436,2.3675776
25.426,7.4080467,-5.911009,2.6646194
25.428,9.209462,-4.9935327,2.801163
25.43,9.575974,-3.611329,2.657433
25.432,7.7913265,-4.3084197,2.6885746
25.434,6.236647,-4.6246257,2.5975454
25.436,5.719219,-5.8798676,2.714925
25.438,6.4306827,-5.642713,3.261099
25.462,6.5600395,-2.6171966,3.606051
25.464,4.210054,-1.934479,3.658752
25.624,-0.9762035,-1.848241,4.36782
25.626,-4.945547,-7.722007,3.318591
25.627,2.250535,-13.643683,4.2791867
25.629,11.652872,-12.36209,-0.5980515
25.63,12.999144,-7.4177785,-4.9051604
25.632,16.357634,-12.225547,-4.337427
25.634,22.293684,-21.812338,-2.904918
25.635,16.640303,-8.052586,-2.080866
25.817,12.146345,-12.927428,3.107787
25.818,11.279175,-12.033907,-3.8176036
25.819,5.2520967,14.386063,-4.6320734
25.821,9.928112,5.783822,-1.256814
25.822,13.518967,-1.8650095,-2.473728
25.824,11.61694,-1.589527,-2.2940655
25.826,11.899609,-3.0052674,0.2834925
25.827,15.068855,-4.9887414,1.0069335
25.829,10.716232,-2.4543025,1.847754
25.831,6.006679,-2.217148,3.687498
26.016,4.1357937,-1.900942,4.348656
26.018,3.3404875,-3.4316666,2.9281244
26.019,3.956131,-8.143615,3.692289
26.02,6.4642196,-8.069354,5.9560366
26.022,6.936133,-3.1729524,6.102162
26.024,2.470921,-4.3946576,5.0409555
26.026,-2.454227,-7.175833,4.573833
26.028,-3.321398,-9.856398,5.2325954
26.03,-1.304387,-8.498149,2.3388314
26.031,2.9955356,-5.230687,1.105149
26.214,8.960331,-9.849211,3.4407616
26.216,13.926202,-21.733286,5.484123
26.217,17.694323,-21.12962,0.501483
26.218,18.400995,-23.817371,-2.6533904
26.22,14.937103,-21.27335,-1.290351
26.221,14.829306,-20.458881,-0.528582
26.223,17.169708,-24.205442,-2.315625
26.225,15.435367,-20.787064,-2.238969
26.226,11.23366,-18.025053,-0.887907
26.228,9.607116,-17.210583,1.124313
26.659,-0.652811,-7.338727,-2.2222004
26.66,-5.530049,-9.585706,-2.780352
26.662,-3.7789385,-14.484504,-0.8950935
26.663,5.1131573,-11.135594,2.4059055
26.665,16.06778,-1.3236265,4.6720486
26.667,23.687864,-1.9799935,-1.6329075
26.669,26.095343,-0.430105,-7.8085065
26.671,18.772299,-0.765475,1.186596
26.673,25.359924,-2.662711,16.822025
26.855,41.85773,0.595169,16.330948
26.857,55.33721,-15.179198,1.1746185
26.858,48.27288,-32.61844,-0.18363
26.859,41.08159,-51.020668,2.441838
26.861,45.51566,-74.07496,-10.920261
26.862,38.80347,-71.365654,-42.68938
26.863,-11.978735,-21.642258,-61.23295
26.865,33.435154,-35.782894,-27.099468
26.867,39.01667,-4.665349,-55.8287
26.869,8.754317,-40.58108,-65.25978
26.899,-11.775118,-35.2487,-67.46125
26.901,-14.247273,-2.538145,-66.01916
27.059,-5.501303,12.572669,-30.685532
27.06,10.759351,-7.4608974,-29.59558
27.062,3.079378,5.5754137,-22.495317
27.064,12.500879,9.765143,-10.386065
27.065,22.645823,-5.652295,-4.1146455
27.066,29.17356,-10.819388,-8.692446
27.068,19.92693,4.4543195,-0.7321995
27.07,16.443872,8.576975,5.306856
27.252,28.831003,-3.764641,2.710134
27.254,37.00924,-17.946001,-9.439842
27.255,32.476955,-20.89007,-17.455185
27.256,25.829441,-19.697111,-19.476988
27.258,31.087564,-25.657116,-19.903385
27.259,39.797604,-43.86052,-17.433626
27.26,28.22015,-47.985573,-12.467754
27.262,17.80212,-25.65472,-11.753895
27.263,12.524835,-18.549667,-9.303299
27.265,15.320383,-24.35636,-5.5998554
27.45,17.241573,-24.368336,-2.952828
27.452,14.192102,-20.669685,-3.412764
27.454,11.6959915,-15.466659,-7.7174773
27.456,6.4977565,-11.789566,-8.745147
27.457,1.6013545,-10.651704,-5.190225
27.458,-0.9809945,-6.045157,-1.989837
27.459,-3.129758,-0.3127255,-1.1154795
27.461,-6.1073647,2.937968,-1.1011065
27.462,-4.2149196,2.2217135,0.587721
27.467,-0.106637,1.337774,0.4847145
27.69,27.077497,-6.4739513,4.9403443
27.692,16.925367,-3.28075,3.3976426
27.716,12.028966,-5.925382,3.5940735
27.718,7.678738,-11.97881,4.401357
27.725,4.808929,-13.440065,4.439685
27.726,2.9284616,-9.854002,6.734574
27.769,-0.6839525,-7.913647,9.85591
27.77,-5.0245986,-6.1289997,12.457423
27.895,-6.3277507,-4.3180013,11.645349
27.897,-6.1600657,-7.813036,7.496343
27.898,-8.028556,-8.998809,3.7929
27.9,-7.4632177,-9.683922,2.369973
27.901,-4.7994213,-14.592301,1.6585095
27.902,2.5116446,-21.15118,-0.5549325
28.084,9.980813,-23.510748,-3.000738
28.085,17.069098,-20.90684,-2.3132296
28.087,31.76549,-20.152256,-4.7374754
28.09,28.55073,-22.198013,-0.365688
28.092,19.864647,-21.594347,-0.8759295
28.094,15.111975,-24.310844,-8.167831
28.095,8.809414,-13.509535,-9.971643
28.097,5.680891,-4.023355,-5.7914953
28.099,5.704846,-8.105287,-4.361382
28.101,2.058895,-4.8833394,-2.9025226
28.376,-0.2623445,-2.7178075,5.2948785
28.522,-1.740368,2.248064,6.863931
28.523,4.540633,-0.089944,9.443885
28.525,13.332118,-7.046476,9.242662
28.526,15.7372,-21.841084,3.64917
28.527,20.686302,16.443796,4.880457
28.529,15.888117,4.198001,-5.8681517
28.53,14.65683,3.254174,-8.630163
28.532,15.799483,4.3010073,-7.7941337
28.719,26.684635,-1.0744945,-3.4247415
28.721,30.103014,-8.198711,0.999747
28.723,23.989698,-17.831017,8.013771
28.725,20.374887,-22.653158,10.658403
28.726,12.855413,-17.689682,10.5458145
28.728,9.017822,-13.243634,8.255716
28.73,4.018414,-12.103376,8.035331
28.732,3.453076,-8.687393,7.582581
28.734,2.470921,-7.1973925,5.762001
28.736,0.3269485,-5.671459,4.037241
28.77,-1.0672325,-4.392262,2.849073
28.771,-0.844451,-2.6842704,0.673959
29.197,6.715747,-8.965272,6.2434964
29.199,5.1083665,-6.960238,5.7643967
29.201,2.8949244,-4.866571,4.9211807
29.203,1.2420295,-3.6041424,3.859974
29.204,0.4515145,-2.475862,3.5797005
29.206,0.094585,-1.6685785,2.69097
29.207,0.4227685,-1.718884,2.69097
29.208,1.2899395,-2.859142,2.575986
29.21,2.4014516,-3.1106696,2.4442334
29.397,3.477031,-4.1263614,2.49933
29.399,4.7969513,-6.260752,2.2909214
29.401,6.888223,-8.505336,2.326854
29.403,7.295458,-11.401495,3.562932
29.404,6.1575956,-11.650627,4.0108905
29.406,6.960088,-11.372749,4.9115987
29.407,9.91853,-7.7818947,1.727979
29.408,15.04011,-6.4212503,2.7125294
29.41,20.12336,-11.629067,1.6633005
29.411,18.935192,-12.601641,-0.8759295
29.44,15.964772,-16.616499,6.3632717
29.442,16.563648,-21.831503,6.126117
29.595,11.557053,1.5940925,-6.0693736
29.597,3.9968545,9.923246,-7.0036187
29.6,6.73012,1.6036745,-3.877491
29.601,9.643048,3.3763444,-3.944565
29.603,9.760427,-1.36435,-3.077394
29.604,8.538722,-5.403163,-2.282088
29.606,8.699221,-4.056892,-1.7670555
29.608,10.174849,-5.0749793,-0.7034535
29.794,11.195332,-7.3123765,0.9686055
29.796,12.119995,-7.7196116,1.819008
29.798,12.127181,-7.2117653,2.183124
29.799,11.66485,-6.567376,2.681388
29.801,10.785702,-6.1002536,2.719716
29.803,9.671794,-7.3531,3.50544
29.805,9.032195,-7.884901,4.7151675
29.806,9.904158,-5.834353,5.5583835
29.808,10.134126,-4.919272,5.9704094
29.81,10.330557,-5.9996424,5.9847827
30.037,5.05327,-4.205413,4.2600226
30.039,5.1083665,-2.820814,6.3824353
30.041,5.9420004,-1.5871315,8.047308
30.043,5.10118,-1.148755,8.444961
30.067,3.251854,-0.6480955,8.751585
30.069,2.667352,-0.74152,8.773145
30.23,3.261436,-2.7034345,7.6760054
30.232,2.494876,-3.5562325,7.5706034
30.234,1.474393,-2.3776464,8.253321
30.235,1.9894255,-1.948852,7.994607
30.236,2.140342,-1.4290285,7.2543974
30.237,1.5151165,-0.157018,6.657918
30.239,-0.422843,1.2491405,6.3153615
30.241,-1.706831,0.029831,6.8519535
30.243,-1.5559145,-0.123481,8.167083
30.306,-0.8133095,-0.6960055,9.374415
30.309,0.530566,-1.3859096,10.632052
30.373,1.0887175,0.513722,10.428435
30.419,0.0251155,2.6145754,8.286858
30.421,-1.433744,-3.850879,5.5296373
30.424,1.0695535,-7.554322,11.09678
30.426,5.422177,1.9150895,10.945863
30.428,6.667837,0.0082715,8.478498
30.429,6.5408754,1.419221,11.659722
30.478,5.8030615,6.708485,12.493356
30.481,6.533689,6.7204623,8.873755
30.502,11.171377,8.342216,6.7130146
30.505,11.315107,10.907797,8.964785
30.534,5.321566,3.0266016,13.964193
30.535,3.544105,4.370477,10.054737
30.582,1.7738305,10.287362,5.426631
30.585,-1.357088,8.205672,3.12216
30.633,-2.9740505,4.3872457,2.2382205
30.635,-2.123648,0.3723875,4.363029
30.636,0.4275595,-3.596956,7.917951
30.783,1.790599,-3.2783544,9.400765
30.785,3.7429316,-2.7992544,11.05366
30.786,7.9254746,-4.210204,11.611812
30.787,7.5853133,-2.0614405,13.494675
30.789,7.012789,1.241954,13.317408
30.79,6.619927,2.377421,11.034496
30.791,5.6305857,4.0566664,8.912084
30.869,4.928704,4.935815,7.812549
30.871,4.0495553,4.844786,7.587372
30.872,3.352465,5.074754,7.252002
30.874,3.0003264,5.3550277,6.423159
30.876,2.9284616,5.5993686,5.9656186
30.912,3.3883975,5.601764,6.4878373
30.914,3.462658,6.210221,6.087789
31.027,3.4937994,6.3371825,5.431422
31.028,3.5992014,5.932343,5.009814
31.03,3.534523,5.026844,5.4961004
31.031,3.802819,4.0662484,6.3584805
31.033,3.4027705,4.375268,6.3297343
31.034,2.9715805,3.613499,6.3441076
31.181,2.744008,2.8014245,7.256793
31.183,2.4589436,3.201473,8.648579
31.184,2.8134775,3.6494315,9.604383
31.186,3.1009376,3.2901065,9.968499
31.187,2.7080755,3.8746085,9.966104
31.189,2.8565965,4.24112,9.628338
31.19,2.7607765,3.848258,9.587614
31.23,2.102014,2.937968,10.301474
31.231,1.8265315,2.367839,10.538628
31.303,1.5965635,2.7103956,9.458258
31.305,1.3905505,2.166617,8.866569
31.307,1.0503895,1.9582084,9.199544
31.309,0.588058,1.783337,9.257035
31.31,0.377254,0.9760535,9.764881
31.425,0.219151,1.6036745,9.575637
31.428,0.108958,1.7809415,9.113305
31.43,0.1400995,1.7665685,9.379206
31.431,0.3317395,1.553369,9.867888
31.433,0.6575275,1.021568,10.502695
31.435,0.7389745,1.2635134,10.406876
31.624,0.698251,1.874366,10.133788
31.625,0.6814825,2.176199,9.887052
31.627,0.8874955,2.176199,9.592405
31.628,1.201306,1.936649,9.623547
31.629,1.464811,1.768964,9.424721
31.631,1.551049,1.687517,9.067791
31.632,1.5342805,1.385684,9.448675
31.634,1.953493,1.016777,9.690621
31.636,2.399056,0.8035775,9.846329
31.638,2.5355995,0.8227415,10.105042
31.667,2.950021,0.1615835,10.648821
31.669,3.227899,0.4490435,10.759014
31.826,3.223108,1.1006196,9.827165
31.828,3.1775935,1.098224,9.803209
31.829,2.950021,1.5749285,9.918194
31.831,2.7368214,1.745009,9.417534
31.833,2.595487,1.5126455,9.386393
31.835,2.5068536,1.625234,9.233081
31.837,2.3439596,1.740218,8.588691
31.838,2.193043,1.5174365,8.387469
32.022,2.102014,1.400057,8.708466
32.024,2.125969,1.5413915,8.581505
32.025,2.221789,1.5605555,8.097613
32.027,2.3224,1.5126455,8.078449
32.028,2.475712,1.3449605,8.557549
32.029,2.5499725,1.4791085,8.770749
32.031,2.5835094,1.562951,8.490476
32.032,2.499667,1.5413915,8.286858
32.033,2.5883005,1.41443,8.524013
32.035,2.576323,1.040732,9.084559
32.219,2.5835094,1.251536,9.130074
32.221,3.021886,1.328192,9.048627
32.223,3.477031,0.906584,9.819978
32.224,3.539314,0.7652495,10.473949
32.225,3.5273366,0.9904265,10.09067
32.227,3.6854396,0.7844135,10.160139
32.228,3.8339605,0.6167285,10.402084
32.23,3.4985905,0.245426,10.627261
32.231,2.8182685,0.106487,10.715895
32.232,2.22658,0.039413,10.533837
32.27,1.828927,0.2861495,10.059528
32.272,1.7211295,0.4442525,10.009222
32.427,1.6492645,0.5544455,10.102647
32.429,1.4384605,0.537677,9.987663
32.43,1.100695,0.331664,9.966104
32.432,0.6766915,0.2909405,9.963708
32.433,0.4515145,0.231053,9.963708
32.435,0.458701,0.2957315,9.659479
32.437,0.487447,0.36041,9.151633
32.439,0.425164,0.4442525,9.043836
32.62,0.276643,0.3436415,9.669062
32.621,0.4227685,0.5161175,9.654689
32.623,0.6239905,0.5640275,9.343273
32.625,0.8779135,0.74369,9.73374
32.626,1.115068,0.8323235,10.04276
32.628,1.26838,0.657452,10.128998
32.629,1.1030905,0.6215195,9.906216
32.631,0.6527365,0.8850245,9.642711
32.632,0.329344,1.313819,9.312132
32.634,0.137704,1.4791085,9.096537
32.81,0.2023825,1.486295,9.149238
32.812,0.3892315,1.3976614,9.192357
32.814,0.583267,1.543787,9.3672285
32.815,0.8443765,1.6132565,9.697807
32.816,0.9018685,1.5701375,9.824769
32.817,0.755743,1.31861,9.879866
32.819,0.5377525,1.4599445,9.870283
32.821,0.482656,1.730636,9.697807
32.822,0.4036045,2.022887,9.5253315
32.824,0.343717,2.1163116,9.6307335
32.837,0.410791,2.2887876,9.508563
32.863,0.4802605,2.434913,9.175589
33.031,0.4419325,2.2289,9.295363
33.033,0.3365305,1.9198805,9.240267
33.036,0.295807,1.567742,9.197148
33.038,0.1928005,1.1437385,9.403161
33.039,0.1736365,1.026359,9.5421
33.041,0.2071735,0.978449,9.628338
33.042,0.2646655,1.059896,9.728949
33.043,0.3077845,1.438385,9.570846
33.045,0.338926,1.721054,9.412743
33.231,0.281434,2.032469,9.218707
33.233,0.199987,2.157035,9.115701
33.235,0.2598745,2.1450574,9.233081
33.237,0.353299,1.888739,9.463049
33.239,0.334135,1.7665685,9.403161
33.24,0.3461125,1.677935,9.405557
33.242,0.362881,1.6467935,9.407952
33.243,0.401209,1.6276295,9.537309
33.245,0.406,1.438385,9.7888365
33.246,0.3125755,1.534205,9.558868
33.429,0.3269485,1.7953146,9.391184
33.431,0.3940225,1.9150895,9.467839
33.434,0.295807,1.831247,9.558868
33.436,0.123331,1.8432245,9.482212
33.438,0.0778165,2.022887,9.247454
33.44,0.1113535,1.879157,9.458258
33.441,0.142495,1.8480155,9.566055
33.443,0.2407105,1.960604,9.496586
33.444,0.338926,1.807292,9.613965
33.446,0.3940225,1.840829,9.697807
33.461,0.4179775,1.917485,9.70739
33.629,0.406,1.8575975,9.767277
33.63,0.35809,2.013305,9.633129
33.632,0.5329615,2.032469,9.441489
33.634,0.6335725,2.0204916,9.388788
33.637,0.4946335,1.874366,9.51575
33.638,0.2550835,1.8863435,9.355251
33.639,0.2359195,1.8288515,9.211521
33.641,0.204778,1.89353,9.189961
33.643,0.2071735,1.907903,9.345669